cell_id,lat,lon,year,nTrees,meanAge,meanHeight,temperature,precipitation
c155,35.8930,-119.3629,2024,10,1.0,0.8123,312.7072,572.9768
c174,35.8930,-118.7657,2024,10,1.0,0.7978,311.4888,451.1201
c194,35.8930,-118.1371,2024,10,1.0,0.0045,311.5572,313.2179
c755,36.2650,-119.3629,2024,10,1.0,0.9828,300.4544,600.9132
c774,36.2650,-118.7657,2024,10,1.0,0.0871,300.0048,360.7234
c794,36.2650,-118.1371,2024,10,1.0,0.0000,299.2853,213.2412
c1355,36.6370,-119.3629,2024,10,1.0,0.8049,288.1865,454.3565
c1374,36.6370,-118.7657,2024,10,1.0,0.3695,287.9903,395.8893
c1394,36.6370,-118.1371,2024,10,1.0,0.0002,287.2515,264.1091
c155,35.8930,-119.3629,2025,10,2.0,1.6134,312.8112,483.5960
c174,35.8930,-118.7657,2025,10,2.0,1.6016,312.5009,459.2918
c194,35.8930,-118.1371,2025,10,2.0,0.0379,312.3185,347.1214
c755,36.2650,-119.3629,2025,10,2.0,1.9541,299.8527,529.6723
c774,36.2650,-118.7657,2025,10,2.0,0.2944,299.0966,377.6989
c794,36.2650,-118.1371,2025,10,2.0,0.0458,300.3747,349.4089
c1355,36.6370,-119.3629,2025,10,2.0,1.6314,288.0665,516.9232
c1374,36.6370,-118.7657,2025,10,2.0,1.0327,287.7795,423.6895
c1394,36.6370,-118.1371,2025,10,2.0,0.0003,287.9972,247.0823
c155,35.8930,-119.3629,2026,10,3.0,2.4487,312.2368,498.9519
c174,35.8930,-118.7657,2026,10,3.0,2.4710,311.3333,479.8158
c194,35.8930,-118.1371,2026,10,3.0,0.0458,311.8668,322.2692
c755,36.2650,-119.3629,2026,10,3.0,2.9230,299.3511,488.8216
c774,36.2650,-118.7657,2026,10,3.0,0.4112,299.5885,366.8110
c794,36.2650,-118.1371,2026,10,3.0,0.0517,300.3510,314.5368
c1355,36.6370,-119.3629,2026,10,3.0,2.4799,289.0877,494.2988
c1374,36.6370,-118.7657,2026,10,3.0,1.7357,287.8287,429.6189
c1394,36.6370,-118.1371,2026,10,3.0,0.0064,288.2294,317.8961
c155,35.8930,-119.3629,2027,10,4.0,3.2991,311.6186,560.5066
c174,35.8930,-118.7657,2027,10,4.0,3.2081,312.4532,434.4406
c194,35.8930,-118.1371,2027,10,4.0,0.0571,312.1327,328.3736
c755,36.2650,-119.3629,2027,10,4.0,3.9215,300.6123,479.2464
c774,36.2650,-118.7657,2027,10,4.0,1.1280,300.4362,415.9980
c794,36.2650,-118.1371,2027,10,4.0,0.0534,300.6147,293.0636
c1355,36.6370,-119.3629,2027,10,4.0,3.3211,288.3681,482.1152
c1374,36.6370,-118.7657,2027,10,4.0,2.5730,287.6154,508.8136
c1394,36.6370,-118.1371,2027,10,4.0,0.0085,288.4606,299.8601
c155,35.8930,-119.3629,2028,10,5.0,4.1344,312.1245,510.2679
c174,35.8930,-118.7657,2028,10,5.0,3.3473,311.9357,373.1991
c194,35.8930,-118.1371,2028,10,5.0,0.0573,312.9657,255.8052
c755,36.2650,-119.3629,2028,10,5.0,4.8924,300.1835,479.4451
c774,36.2650,-118.7657,2028,10,5.0,1.3905,300.7777,382.9579
c794,36.2650,-118.1371,2028,10,5.0,0.0738,300.4785,335.1370
c1355,36.6370,-119.3629,2028,10,5.0,4.1564,288.2651,564.7405
c1374,36.6370,-118.7657,2028,10,5.0,3.0306,288.1943,403.6477
c1394,36.6370,-118.1371,2028,10,5.0,0.0099,288.1821,293.1756
c155,35.8930,-119.3629,2029,10,6.0,4.9469,312.5465,496.7548
c174,35.8930,-118.7657,2029,10,6.0,3.9433,312.1091,416.6915
c194,35.8930,-118.1371,2029,10,6.0,0.0580,312.1929,281.6244
c755,36.2650,-119.3629,2029,10,6.0,5.8817,300.2699,511.1980
c774,36.2650,-118.7657,2029,10,6.0,2.1179,300.8704,417.6446
c794,36.2650,-118.1371,2029,10,6.0,0.0739,300.8449,227.1969
c1355,36.6370,-119.3629,2029,10,6.0,5.0106,288.4182,553.5516
c1374,36.6370,-118.7657,2029,10,6.0,3.0558,287.8381,342.4809
c1394,36.6370,-118.1371,2029,10,6.0,0.0102,288.6833,271.2089
c155,35.8930,-119.3629,2030,10,7.0,5.7565,312.5685,584.1901
c174,35.8930,-118.7657,2030,10,7.0,4.2749,312.0312,392.8995
c194,35.8930,-118.1371,2030,10,7.0,0.0673,311.6259,324.8999
c755,36.2650,-119.3629,2030,10,7.0,6.8522,300.3080,501.0156
c774,36.2650,-118.7657,2030,10,7.0,2.7670,299.8511,409.7306
c794,36.2650,-118.1371,2030,10,7.0,0.1997,300.6108,367.5166
c1355,36.6370,-119.3629,2030,10,7.0,5.8428,288.8588,552.7473
c1374,36.6370,-118.7657,2030,10,7.0,3.2250,288.2001,376.7594
c1394,36.6370,-118.1371,2030,10,7.0,0.0104,288.2890,255.9835
c155,35.8930,-119.3629,2031,10,8.0,6.6033,311.9975,506.1121
c174,35.8930,-118.7657,2031,10,8.0,4.4575,312.6925,379.1802
c194,35.8930,-118.1371,2031,10,8.0,0.0695,312.1333,301.2250
c755,36.2650,-119.3629,2031,10,8.0,7.8867,299.7879,533.3936
c774,36.2650,-118.7657,2031,10,8.0,3.5554,300.7766,423.7862
c794,36.2650,-118.1371,2031,10,8.0,0.2001,299.9286,270.2541
c1355,36.6370,-119.3629,2031,10,8.0,6.7198,288.8652,516.3356
c1374,36.6370,-118.7657,2031,10,8.0,3.2373,288.3007,329.1685
c1394,36.6370,-118.1371,2031,10,8.0,0.1680,288.2581,375.7445
c155,35.8930,-119.3629,2032,10,9.0,7.4142,312.8490,554.7706
c174,35.8930,-118.7657,2032,10,9.0,4.4860,312.2987,344.8221
c194,35.8930,-118.1371,2032,10,9.0,0.0724,312.3347,305.2761
c755,36.2650,-119.3629,2032,10,9.0,8.8840,300.6648,505.7476
c774,36.2650,-118.7657,2032,10,9.0,3.6262,301.1895,356.9469
c794,36.2650,-118.1371,2032,10,9.0,0.2002,300.1228,235.4717
c1355,36.6370,-119.3629,2032,10,9.0,7.5077,286.8449,527.9495
c1374,36.6370,-118.7657,2032,10,9.0,3.2997,288.1498,358.3306
c1394,36.6370,-118.1371,2032,10,9.0,0.1729,288.6205,313.4058
c155,35.8930,-119.3629,2033,10,10.0,8.2367,311.7523,485.2286
c174,35.8930,-118.7657,2033,10,10.0,4.7156,312.6298,384.0675
c194,35.8930,-118.1371,2033,10,10.0,0.0725,312.5002,254.6936
c755,36.2650,-119.3629,2033,10,10.0,9.8652,299.8213,565.2759
c774,36.2650,-118.7657,2033,10,10.0,3.6682,300.3483,347.8149
c794,36.2650,-118.1371,2033,10,10.0,0.2006,301.1691,271.2024
c1355,36.6370,-119.3629,2033,10,10.0,8.3859,288.6053,514.7373
c1374,36.6370,-118.7657,2033,10,10.0,3.3606,288.4312,357.0962
c1394,36.6370,-118.1371,2033,10,10.0,0.1729,288.0909,235.5746
c155,35.8930,-119.3629,2034,10,11.0,9.0872,312.5544,484.5411
c174,35.8930,-118.7657,2034,10,11.0,5.0877,312.0967,396.3104
c194,35.8930,-118.1371,2034,10,11.0,0.0758,312.5498,307.8630
c755,36.2650,-119.3629,2034,10,11.0,10.8647,301.3875,507.9041
c774,36.2650,-118.7657,2034,10,11.0,3.9899,300.9086,387.6721
c794,36.2650,-118.1371,2034,10,11.0,0.2008,299.4554,247.6610
c1355,36.6370,-119.3629,2034,10,11.0,9.2527,288.6861,479.1722
c1374,36.6370,-118.7657,2034,10,11.0,3.6966,288.5175,393.1379
c1394,36.6370,-118.1371,2034,10,11.0,0.1729,288.7790,235.7578
c155,35.8930,-119.3629,2035,10,12.0,9.8891,313.2287,494.9720
c174,35.8930,-118.7657,2035,10,12.0,5.1608,313.0858,361.0547
c194,35.8930,-118.1371,2035,10,12.0,0.0759,312.7692,249.9040
c755,36.2650,-119.3629,2035,10,12.0,11.7920,300.3411,453.7766
c774,36.2650,-118.7657,2035,10,12.0,4.5693,300.6323,404.9804
c794,36.2650,-118.1371,2035,10,12.0,0.2009,301.0924,255.4650
c1355,36.6370,-119.3629,2035,10,12.0,10.1157,288.8917,479.5969
c1374,36.6370,-118.7657,2035,10,12.0,4.2698,288.0619,413.3471
c1394,36.6370,-118.1371,2035,10,12.0,0.1746,289.0852,296.0614
c155,35.8930,-119.3629,2036,10,13.0,10.7156,312.0077,534.2824
c174,35.8930,-118.7657,2036,10,13.0,5.5496,313.3001,398.5876
c194,35.8930,-118.1371,2036,10,13.0,0.0790,313.0130,307.0217
c755,36.2650,-119.3629,2036,10,13.0,12.7874,301.1874,519.0100
c774,36.2650,-118.7657,2036,10,13.0,5.4599,300.5451,435.8878
c794,36.2650,-118.1371,2036,10,13.0,0.2019,300.5562,284.4456
c1355,36.6370,-119.3629,2036,10,13.0,11.0064,288.7979,513.0697
c1374,36.6370,-118.7657,2036,10,13.0,4.3984,288.7723,371.1573
c1394,36.6370,-118.1371,2036,10,13.0,0.1748,288.2141,262.7742
c155,35.8930,-119.3629,2037,10,14.0,11.5382,311.9253,495.0237
c174,35.8930,-118.7657,2037,10,14.0,5.6658,313.0291,370.6282
c194,35.8930,-118.1371,2037,10,14.0,0.0797,311.8550,279.9540
c755,36.2650,-119.3629,2037,10,14.0,13.7688,300.4736,492.6623
c774,36.2650,-118.7657,2037,10,14.0,5.6739,300.2162,378.5752
c794,36.2650,-118.1371,2037,10,14.0,0.2115,301.2665,322.7497
c1355,36.6370,-119.3629,2037,10,14.0,11.8866,289.0111,485.4859
c1374,36.6370,-118.7657,2037,10,14.0,4.9786,288.4587,412.1693
c1394,36.6370,-118.1371,2037,10,14.0,0.1749,288.7147,227.3396
c155,35.8930,-119.3629,2038,10,15.0,12.3739,312.1503,541.0954
c174,35.8930,-118.7657,2038,10,15.0,5.7444,312.7414,362.0294
c194,35.8930,-118.1371,2038,10,15.0,0.0798,312.4846,248.4748
c755,36.2650,-119.3629,2038,10,15.0,14.7799,300.6714,537.1902
c774,36.2650,-118.7657,2038,10,15.0,6.5888,300.9156,439.7830
c794,36.2650,-118.1371,2038,10,15.0,0.2147,300.9979,304.8463
c1355,36.6370,-119.3629,2038,10,15.0,12.7422,288.3361,482.6837
c1374,36.6370,-118.7657,2038,10,15.0,5.7478,289.0829,430.7845
c1394,36.6370,-118.1371,2038,10,15.0,0.1777,288.3899,305.2971
c155,35.8930,-119.3629,2039,10,16.0,13.1978,312.2571,591.6954
c174,35.8930,-118.7657,2039,10,16.0,6.0989,312.3391,395.3268
c194,35.8930,-118.1371,2039,10,16.0,0.0805,312.9671,282.5128
c755,36.2650,-119.3629,2039,10,16.0,15.7939,300.7678,493.6971
c774,36.2650,-118.7657,2039,10,16.0,7.2346,301.1691,408.7698
c794,36.2650,-118.1371,2039,10,16.0,0.2169,300.7133,298.3128
c1355,36.6370,-119.3629,2039,10,16.0,13.6160,289.3819,534.7123
c1374,36.6370,-118.7657,2039,10,16.0,6.2017,289.0131,401.5277
c1394,36.6370,-118.1371,2039,10,16.0,0.1778,288.3855,257.9473
c155,35.8930,-119.3629,2040,10,17.0,14.0204,312.4991,499.7492
c174,35.8930,-118.7657,2040,10,17.0,6.2477,312.8144,374.8442
c194,35.8930,-118.1371,2040,10,17.0,0.0827,312.7159,301.5898
c755,36.2650,-119.3629,2040,10,17.0,16.7726,300.6198,513.7600
c774,36.2650,-118.7657,2040,10,17.0,7.3816,300.9497,370.3120
c794,36.2650,-118.1371,2040,10,17.0,0.2299,300.3049,328.1675
c1355,36.6370,-119.3629,2040,10,17.0,14.5001,288.5555,546.4729
c1374,36.6370,-118.7657,2040,10,17.0,6.4497,289.0743,384.4183
c1394,36.6370,-118.1371,2040,10,17.0,0.1875,288.5356,325.3358
c155,35.8930,-119.3629,2041,10,18.0,14.8587,312.3635,531.3719
c174,35.8930,-118.7657,2041,10,18.0,6.8212,312.4377,413.2690
c194,35.8930,-118.1371,2041,10,18.0,0.0850,313.7373,303.2321
c755,36.2650,-119.3629,2041,10,18.0,17.7834,300.4012,488.1590
c774,36.2650,-118.7657,2041,10,18.0,7.5522,301.0088,373.6275
c794,36.2650,-118.1371,2041,10,18.0,0.2302,300.3550,262.3982
c1355,36.6370,-119.3629,2041,10,18.0,15.3455,288.7249,564.3106
c1374,36.6370,-118.7657,2041,10,18.0,7.3040,289.2199,501.3049
c1394,36.6370,-118.1371,2041,10,18.0,0.1893,288.8032,296.9431
c155,35.8930,-119.3629,2042,10,19.0,15.6919,312.1866,568.5812
c174,35.8930,-118.7657,2042,10,19.0,6.9450,312.6472,371.2482
c194,35.8930,-118.1371,2042,10,19.0,0.0866,313.5790,296.1120
c755,36.2650,-119.3629,2042,10,19.0,18.7846,300.8241,516.4917
c774,36.2650,-118.7657,2042,10,19.0,8.3388,301.1940,422.5825
c794,36.2650,-118.1371,2042,10,19.0,0.2303,300.8916,240.9423
c1355,36.6370,-119.3629,2042,10,19.0,16.1553,288.7947,468.6029
c1374,36.6370,-118.7657,2042,10,19.0,7.4612,288.6557,375.6532
c1394,36.6370,-118.1371,2042,10,19.0,0.1916,289.1803,301.1901
c155,35.8930,-119.3629,2043,10,20.0,16.5242,312.8316,544.3628
c174,35.8930,-118.7657,2043,10,20.0,6.9765,313.2939,347.0657
c194,35.8930,-118.1371,2043,10,20.0,0.0867,312.8263,248.4953
c755,36.2650,-119.3629,2043,10,20.0,19.7833,300.8773,562.7797
c774,36.2650,-118.7657,2043,10,20.0,8.9962,301.0787,410.7311
c794,36.2650,-118.1371,2043,10,20.0,0.2375,301.3087,317.8360
c1355,36.6370,-119.3629,2043,10,20.0,17.0134,289.6896,463.1198
c1374,36.6370,-118.7657,2043,10,20.0,8.2886,288.8051,456.0822
c1394,36.6370,-118.1371,2043,10,20.0,0.1918,289.0367,261.5318
c155,35.8930,-119.3629,2044,10,21.0,17.3722,312.0856,572.8514
c174,35.8930,-118.7657,2044,10,21.0,7.2147,313.2908,385.1986
c194,35.8930,-118.1371,2044,10,21.0,0.0874,313.4042,282.6064
c755,36.2650,-119.3629,2044,10,21.0,20.7535,301.0298,537.0104
c774,36.2650,-118.7657,2044,10,21.0,9.2987,301.4754,385.9502
c794,36.2650,-118.1371,2044,10,21.0,0.2376,300.8577,239.5939
c1355,36.6370,-119.3629,2044,10,21.0,17.8784,289.0975,465.6863
c1374,36.6370,-118.7657,2044,10,21.0,8.3119,288.5151,340.2204
c1394,36.6370,-118.1371,2044,10,21.0,0.1920,289.9090,257.8384
c155,35.8930,-119.3629,2045,10,22.0,18.2159,312.4830,561.4158
c174,35.8930,-118.7657,2045,10,22.0,7.9571,313.1911,441.8371
c194,35.8930,-118.1371,2045,10,22.0,0.0874,313.1564,221.0991
c755,36.2650,-119.3629,2045,10,22.0,21.7655,301.3150,478.0887
c774,36.2650,-118.7657,2045,10,22.0,9.3051,301.1996,316.2015
c794,36.2650,-118.1371,2045,10,22.0,0.2397,300.8842,297.9096
c1355,36.6370,-119.3629,2045,10,22.0,18.7523,289.0876,556.9771
c1374,36.6370,-118.7657,2045,10,22.0,9.1593,289.2382,476.4580
c1394,36.6370,-118.1371,2045,10,22.0,0.2005,288.2159,323.6948
c155,35.8930,-119.3629,2046,10,23.0,18.9987,313.1423,447.3506
c174,35.8930,-118.7657,2046,10,23.0,8.0201,313.2360,359.1532
c194,35.8930,-118.1371,2046,10,23.0,0.0881,313.0942,283.2795
c755,36.2650,-119.3629,2046,10,23.0,22.7551,301.7920,543.3898
c774,36.2650,-118.7657,2046,10,23.0,9.8650,301.5664,403.8736
c794,36.2650,-118.1371,2046,10,23.0,0.2437,301.2757,307.9606
c1355,36.6370,-119.3629,2046,10,23.0,19.6088,289.5101,458.9494
c1374,36.6370,-118.7657,2046,10,23.0,9.1720,289.0906,329.5295
c1394,36.6370,-118.1371,2046,10,23.0,0.2322,289.3275,345.6352
c155,35.8930,-119.3629,2047,10,24.0,19.8162,312.6905,509.0184
c174,35.8930,-118.7657,2047,10,24.0,8.6698,314.0271,424.8528
c194,35.8930,-118.1371,2047,10,24.0,0.0885,312.8892,270.0883
c755,36.2650,-119.3629,2047,10,24.0,23.7608,301.5891,528.8216
c774,36.2650,-118.7657,2047,10,24.0,10.7657,300.3689,434.4368
c794,36.2650,-118.1371,2047,10,24.0,0.2967,301.3773,352.2674
c1355,36.6370,-119.3629,2047,10,24.0,20.5051,289.2850,511.4842
c1374,36.6370,-118.7657,2047,10,24.0,9.9009,288.9446,428.6568
c1394,36.6370,-118.1371,2047,10,24.0,0.2391,288.8184,319.2184
c155,35.8930,-119.3629,2048,10,25.0,20.6018,313.4540,496.3686
c174,35.8930,-118.7657,2048,10,25.0,9.3147,313.0818,424.8985
c194,35.8930,-118.1371,2048,10,25.0,0.0954,313.6244,321.4730
c755,36.2650,-119.3629,2048,10,25.0,24.7363,301.1542,473.1311
c774,36.2650,-118.7657,2048,10,25.0,10.9403,301.1951,374.2618
c794,36.2650,-118.1371,2048,10,25.0,0.3173,301.1413,335.5938
c1355,36.6370,-119.3629,2048,10,25.0,21.3816,289.1845,566.0509
c1374,36.6370,-118.7657,2048,10,25.0,10.0365,289.2641,372.0701
c1394,36.6370,-118.1371,2048,10,25.0,0.2392,289.4376,243.5978
c155,35.8930,-119.3629,2049,10,26.0,21.4109,313.4115,484.3916
c174,35.8930,-118.7657,2049,10,26.0,9.6650,313.8443,396.1847
c194,35.8930,-118.1371,2049,10,26.0,0.0956,312.9732,262.5769
c755,36.2650,-119.3629,2049,10,26.0,25.7298,300.9178,508.6887
c774,36.2650,-118.7657,2049,10,26.0,11.9112,300.6180,457.7403
c794,36.2650,-118.1371,2049,10,26.0,0.4636,300.8778,370.6749
c1355,36.6370,-119.3629,2049,10,26.0,22.2399,289.6357,577.5066
c1374,36.6370,-118.7657,2049,10,26.0,10.8831,289.4198,455.7669
c1394,36.6370,-118.1371,2049,10,26.0,0.2392,289.4990,236.6064
c155,35.8930,-119.3629,2050,10,27.0,22.2066,313.5363,494.0915
c174,35.8930,-118.7657,2050,10,27.0,10.4405,313.0807,452.1782
c194,35.8930,-118.1371,2050,10,27.0,0.0972,313.6118,296.1136
c755,36.2650,-119.3629,2050,10,27.0,26.7240,300.7837,481.6022
c774,36.2650,-118.7657,2050,10,27.0,12.6593,300.9040,417.8059
c794,36.2650,-118.1371,2050,10,27.0,0.4641,302.2058,271.6911
c1355,36.6370,-119.3629,2050,10,27.0,23.1047,289.1240,509.7087
c1374,36.6370,-118.7657,2050,10,27.0,11.4996,289.5862,413.9157
c1394,36.6370,-118.1371,2050,10,27.0,0.2404,289.8198,290.0639
c155,35.8930,-119.3629,2051,10,28.0,23.0382,313.0706,494.9229
c174,35.8930,-118.7657,2051,10,28.0,11.0702,314.1913,425.9965
c194,35.8930,-118.1371,2051,10,28.0,0.0972,312.7627,244.6146
c755,36.2650,-119.3629,2051,10,28.0,27.7031,301.4625,574.5848
c774,36.2650,-118.7657,2051,10,28.0,12.9557,301.1827,385.8655
c794,36.2650,-118.1371,2051,10,28.0,0.4664,301.6277,298.7947
c1355,36.6370,-119.3629,2051,10,28.0,23.9500,288.8067,460.0625
c1374,36.6370,-118.7657,2051,10,28.0,11.5797,289.1374,362.0080
c1394,36.6370,-118.1371,2051,10,28.0,0.2409,289.8250,275.0069
c155,35.8930,-119.3629,2052,10,29.0,23.8241,314.0337,519.4236
c174,35.8930,-118.7657,2052,10,29.0,11.3787,313.6270,392.8698
c194,35.8930,-118.1371,2052,10,29.0,0.0973,314.2844,251.0398
c755,36.2650,-119.3629,2052,10,29.0,28.5646,301.4550,429.8466
c774,36.2650,-118.7657,2052,10,29.0,13.8943,301.3172,440.9109
c794,36.2650,-118.1371,2052,10,29.0,0.4718,301.0797,312.9079
c1355,36.6370,-119.3629,2052,10,29.0,24.8446,289.7447,492.3313
c1374,36.6370,-118.7657,2052,10,29.0,11.8227,289.9105,384.0828
c1394,36.6370,-118.1371,2052,10,29.0,0.2418,288.9720,285.8928
c155,35.8930,-119.3629,2053,10,30.0,24.6180,313.3933,495.6951
c174,35.8930,-118.7657,2053,10,30.0,11.7931,313.4754,401.6970
c194,35.8930,-118.1371,2053,10,30.0,0.0975,313.0367,256.8714
c755,36.2650,-119.3629,2053,10,30.0,29.5887,301.8136,559.9128
c774,36.2650,-118.7657,2053,10,30.0,14.4706,301.4803,404.2464
c794,36.2650,-118.1371,2053,10,30.0,0.4725,301.4548,280.1196
c1355,36.6370,-119.3629,2053,10,30.0,25.7291,289.4033,547.4858
c1374,36.6370,-118.7657,2053,10,30.0,11.8400,289.3654,335.5817
c1394,36.6370,-118.1371,2053,10,30.0,0.2421,289.1089,261.2973
c155,35.8930,-119.3629,2054,10,31.0,25.3777,314.2779,526.4073
c174,35.8930,-118.7657,2054,10,31.0,11.8270,312.9622,347.7389
c194,35.8930,-118.1371,2054,10,31.0,0.0978,313.6742,267.4021
c755,36.2650,-119.3629,2054,10,31.0,30.5626,301.5111,576.0033
c774,36.2650,-118.7657,2054,10,31.0,14.4953,301.6675,339.0097
c794,36.2650,-118.1371,2054,10,31.0,0.4726,301.6426,234.1818
c1355,36.6370,-119.3629,2054,10,31.0,26.6026,290.0748,472.0921
c1374,36.6370,-118.7657,2054,10,31.0,12.6952,289.8855,445.5365
c1394,36.6370,-118.1371,2054,10,31.0,0.2502,289.6961,321.7695
c155,35.8930,-119.3629,2055,10,32.0,26.1395,313.4119,451.7855
c174,35.8930,-118.7657,2055,10,32.0,12.1230,313.3222,390.7797
c194,35.8930,-118.1371,2055,10,32.0,0.1167,314.7127,339.4367
c755,36.2650,-119.3629,2055,10,32.0,31.5527,301.2097,560.2416
c774,36.2650,-118.7657,2055,10,32.0,14.5389,302.2608,348.8119
c794,36.2650,-118.1371,2055,10,32.0,0.4735,301.8454,283.7766
c1355,36.6370,-119.3629,2055,10,32.0,27.4880,289.3269,539.4499
c1374,36.6370,-118.7657,2055,10,32.0,13.2729,289.3746,411.3540
c1394,36.6370,-118.1371,2055,10,32.0,0.2902,289.8501,348.9874
c155,35.8930,-119.3629,2056,10,33.0,26.9174,313.8245,502.9048
c174,35.8930,-118.7657,2056,10,33.0,12.8518,313.3161,438.4546
c194,35.8930,-118.1371,2056,10,33.0,0.1180,314.6966,294.2636
c755,36.2650,-119.3629,2056,10,33.0,32.5326,301.3498,506.9910
c774,36.2650,-118.7657,2056,10,33.0,14.6980,301.7442,372.1842
c794,36.2650,-118.1371,2056,10,33.0,0.4860,301.3875,326.7944
c1355,36.6370,-119.3629,2056,10,33.0,28.3573,289.3072,547.5163
c1374,36.6370,-118.7657,2056,10,33.0,13.4565,289.2365,378.3326
c1394,36.6370,-118.1371,2056,10,33.0,0.2996,289.5216,324.1558
c155,35.8930,-119.3629,2057,10,34.0,27.7112,313.6341,529.5476
c174,35.8930,-118.7657,2057,10,34.0,13.6058,313.3444,461.3742
c194,35.8930,-118.1371,2057,10,34.0,0.1204,313.1724,302.9819
c755,36.2650,-119.3629,2057,10,34.0,33.5203,302.1844,494.4442
c774,36.2650,-118.7657,2057,10,34.0,14.7654,301.4364,356.3852
c794,36.2650,-118.1371,2057,10,34.0,0.4860,301.7161,202.3763
c1355,36.6370,-119.3629,2057,10,34.0,29.2484,290.0395,497.4848
c1374,36.6370,-118.7657,2057,10,34.0,14.1983,289.6377,428.5660
c1394,36.6370,-118.1371,2057,10,34.0,0.2999,289.7972,270.3106
c155,35.8930,-119.3629,2058,10,35.0,28.5007,313.7363,458.3007
c174,35.8930,-118.7657,2058,10,35.0,14.2602,313.4795,425.6333
c194,35.8930,-118.1371,2058,10,35.0,0.1767,314.2198,356.9233
c755,36.2650,-119.3629,2058,10,35.0,34.5053,301.2195,503.5882
c774,36.2650,-118.7657,2058,10,35.0,15.1100,301.7992,388.9216
c794,36.2650,-118.1371,2058,10,35.0,0.5670,302.4902,359.8267
c1355,36.6370,-119.3629,2058,10,35.0,30.1399,289.9670,595.1432
c1374,36.6370,-118.7657,2058,10,35.0,14.2217,289.6029,339.9507
c1394,36.6370,-118.1371,2058,10,35.0,0.4164,289.4430,368.3669
c155,35.8930,-119.3629,2059,10,36.0,29.2929,313.8674,563.5559
c174,35.8930,-118.7657,2059,10,36.0,14.2999,314.0495,350.8950
c194,35.8930,-118.1371,2059,10,36.0,0.1913,313.8348,333.6744
c755,36.2650,-119.3629,2059,10,36.0,35.5082,301.7190,488.1893
c774,36.2650,-118.7657,2059,10,36.0,15.6857,301.8904,404.7250
c794,36.2650,-118.1371,2059,10,36.0,0.5670,301.5052,209.6686
c1355,36.6370,-119.3629,2059,10,36.0,31.0499,289.4502,583.6426
c1374,36.6370,-118.7657,2059,10,36.0,14.3350,289.5882,368.5410
c1394,36.6370,-118.1371,2059,10,36.0,0.4167,290.3509,269.3896
c155,35.8930,-119.3629,2060,10,37.0,30.0608,313.8376,522.9472
c174,35.8930,-118.7657,2060,10,37.0,14.6781,313.5786,397.7248
c194,35.8930,-118.1371,2060,10,37.0,0.2063,314.3090,334.7403
c755,36.2650,-119.3629,2060,10,37.0,36.5047,301.7362,507.4423
c774,36.2650,-118.7657,2060,10,37.0,15.8399,301.2105,371.6552
c794,36.2650,-118.1371,2060,10,37.0,0.5671,302.9305,249.6447
c1355,36.6370,-119.3629,2060,10,37.0,31.9067,289.3173,494.4380
c1374,36.6370,-118.7657,2060,10,37.0,15.2208,290.1021,479.6916
c1394,36.6370,-118.1371,2060,10,37.0,0.4175,290.2429,282.9076
c155,35.8930,-119.3629,2061,10,38.0,30.8334,313.9631,559.2046
c174,35.8930,-118.7657,2061,10,38.0,15.1191,314.2679,404.4731
c194,35.8930,-118.1371,2061,10,38.0,0.2065,314.1065,264.3637
c755,36.2650,-119.3629,2061,10,38.0,37.4546,301.8855,449.1598
c774,36.2650,-118.7657,2061,10,38.0,16.0333,301.2098,375.7067
c794,36.2650,-118.1371,2061,10,38.0,0.5676,301.8478,271.8517
c1355,36.6370,-119.3629,2061,10,38.0,32.7380,289.3141,458.7673
c1374,36.6370,-118.7657,2061,10,38.0,15.5477,289.9614,391.3176
c1394,36.6370,-118.1371,2061,10,38.0,0.4177,289.6291,254.7975
c155,35.8930,-119.3629,2062,10,39.0,31.6095,313.6680,500.8961
c174,35.8930,-118.7657,2062,10,39.0,15.1348,314.1396,335.1977
c194,35.8930,-118.1371,2062,10,39.0,0.2067,314.4041,261.2882
c755,36.2650,-119.3629,2062,10,39.0,38.4340,301.2379,513.8043
c774,36.2650,-118.7657,2062,10,39.0,17.0544,302.6780,485.2760
c794,36.2650,-118.1371,2062,10,39.0,0.5678,302.0813,260.8851
c1355,36.6370,-119.3629,2062,10,39.0,33.5895,289.5605,529.9640
c1374,36.6370,-118.7657,2062,10,39.0,16.2067,290.3221,416.7298
c1394,36.6370,-118.1371,2062,10,39.0,0.4182,289.6809,277.0854
c155,35.8930,-119.3629,2063,10,40.0,32.3882,313.7666,511.4563
c174,35.8930,-118.7657,2063,10,40.0,15.8731,314.2627,448.4463
c194,35.8930,-118.1371,2063,10,40.0,0.2071,314.0223,272.7358
c755,36.2650,-119.3629,2063,10,40.0,39.4083,301.1213,486.5396
c774,36.2650,-118.7657,2063,10,40.0,17.8208,301.8092,421.5498
c794,36.2650,-118.1371,2063,10,40.0,0.5734,302.1070,313.5330
c1355,36.6370,-119.3629,2063,10,40.0,34.4876,290.1536,538.8098
c1374,36.6370,-118.7657,2063,10,40.0,16.8878,290.1938,419.5347
c1394,36.6370,-118.1371,2063,10,40.0,0.4209,289.9715,303.0589
c155,35.8930,-119.3629,2064,10,41.0,33.1424,314.1688,512.9329
c174,35.8930,-118.7657,2064,10,41.0,15.8859,314.1354,332.5060
c194,35.8930,-118.1371,2064,10,41.0,0.2075,313.9372,273.8142
c755,36.2650,-119.3629,2064,10,41.0,40.4004,301.4847,521.0593
c774,36.2650,-118.7657,2064,10,41.0,18.5707,302.1226,418.0327
c794,36.2650,-118.1371,2064,10,41.0,0.6191,302.2875,349.3556
c1355,36.6370,-119.3629,2064,10,41.0,35.3101,290.2475,438.9928
c1374,36.6370,-118.7657,2064,10,41.0,17.7502,290.2072,453.7235
c1394,36.6370,-118.1371,2064,10,41.0,0.4209,290.3277,212.7826
c155,35.8930,-119.3629,2065,10,42.0,33.9194,314.1096,485.6049
c174,35.8930,-118.7657,2065,10,42.0,16.3998,313.5332,409.1236
c194,35.8930,-118.1371,2065,10,42.0,0.2099,314.1963,303.3571
c755,36.2650,-119.3629,2065,10,42.0,41.3812,301.6783,502.0946
c774,36.2650,-118.7657,2065,10,42.0,19.0002,301.7939,395.7558
c794,36.2650,-118.1371,2065,10,42.0,0.6237,301.7652,310.5733
c1355,36.6370,-119.3629,2065,10,42.0,36.1715,289.3753,546.6874
c1374,36.6370,-118.7657,2065,10,42.0,18.0156,290.0622,385.8698
c1394,36.6370,-118.1371,2065,10,42.0,0.4216,289.8019,280.7016
c155,35.8930,-119.3629,2066,10,43.0,34.6653,314.6381,514.6618
c174,35.8930,-118.7657,2066,10,43.0,17.1131,314.9368,444.8252
c194,35.8930,-118.1371,2066,10,43.0,0.2104,314.7524,276.2810
c755,36.2650,-119.3629,2066,10,43.0,42.3749,302.0312,577.4157
c774,36.2650,-118.7657,2066,10,43.0,19.0561,302.3286,353.1193
c794,36.2650,-118.1371,2066,10,43.0,0.6237,302.8754,154.9227
c1355,36.6370,-119.3629,2066,10,43.0,37.0823,290.4440,507.2844
c1374,36.6370,-118.7657,2066,10,43.0,18.7362,289.4875,426.7829
c1394,36.6370,-118.1371,2066,10,43.0,0.4217,290.3484,244.9317
c155,35.8930,-119.3629,2067,10,44.0,35.4742,313.7532,536.8740
c174,35.8930,-118.7657,2067,10,44.0,17.8895,313.8972,469.7929
c194,35.8930,-118.1371,2067,10,44.0,0.2841,313.9202,362.0959
c755,36.2650,-119.3629,2067,10,44.0,43.3680,302.3835,563.8760
c774,36.2650,-118.7657,2067,10,44.0,19.9929,301.5330,451.7961
c794,36.2650,-118.1371,2067,10,44.0,0.6272,302.4923,305.9799
c1355,36.6370,-119.3629,2067,10,44.0,37.9428,290.4166,457.7602
c1374,36.6370,-118.7657,2067,10,44.0,19.0947,290.4768,392.6954
c1394,36.6370,-118.1371,2067,10,44.0,0.4218,290.6252,247.2617
c155,35.8930,-119.3629,2068,10,45.0,36.2123,314.5494,464.5646
c174,35.8930,-118.7657,2068,10,45.0,18.2112,314.3656,394.1926
c194,35.8930,-118.1371,2068,10,45.0,0.2844,314.1966,265.3962
c755,36.2650,-119.3629,2068,10,45.0,44.3675,302.2363,506.5463
c774,36.2650,-118.7657,2068,10,45.0,20.8147,302.7144,426.6252
c794,36.2650,-118.1371,2068,10,45.0,0.6275,301.8755,262.7393
c1355,36.6370,-119.3629,2068,10,45.0,38.8452,290.8838,523.7261
c1374,36.6370,-118.7657,2068,10,45.0,19.1559,290.5644,356.3119
c1394,36.6370,-118.1371,2068,10,45.0,0.4220,289.5363,264.6466
c155,35.8930,-119.3629,2069,10,46.0,36.9910,314.3597,483.0589
c174,35.8930,-118.7657,2069,10,46.0,18.2285,313.8989,336.4403
c194,35.8930,-118.1371,2069,10,46.0,0.2895,314.1118,316.4580
c755,36.2650,-119.3629,2069,10,46.0,45.3704,302.2301,556.3923
c774,36.2650,-118.7657,2069,10,46.0,21.5023,302.1501,412.3553
c794,36.2650,-118.1371,2069,10,46.0,0.6320,302.7338,309.9025
c1355,36.6370,-119.3629,2069,10,46.0,39.7360,290.1759,471.8591
c1374,36.6370,-118.7657,2069,10,46.0,19.4327,290.5613,385.8864
c1394,36.6370,-118.1371,2069,10,46.0,0.4221,290.2825,243.3366
c155,35.8930,-119.3629,2070,10,47.0,37.7521,314.6084,557.6699
c174,35.8930,-118.7657,2070,10,47.0,18.5107,314.4252,391.6473
c194,35.8930,-118.1371,2070,10,47.0,0.2915,314.1202,300.9722
c755,36.2650,-119.3629,2070,10,47.0,46.3783,302.1819,479.1404
c774,36.2650,-118.7657,2070,10,47.0,21.5720,302.5428,356.5244
c794,36.2650,-118.1371,2070,10,47.0,0.6320,302.1842,227.4492
c1355,36.6370,-119.3629,2070,10,47.0,40.6395,290.7225,562.7531
c1374,36.6370,-118.7657,2070,10,47.0,19.5457,290.2261,368.1064
c1394,36.6370,-118.1371,2070,10,47.0,0.4249,290.4737,303.8229
c155,35.8930,-119.3629,2071,10,48.0,38.5058,313.8988,557.9722
c174,35.8930,-118.7657,2071,10,48.0,18.9383,314.5086,404.7860
c194,35.8930,-118.1371,2071,10,48.0,0.2937,314.1715,303.0621
c755,36.2650,-119.3629,2071,10,48.0,47.3766,302.5421,549.2110
c774,36.2650,-118.7657,2071,10,48.0,21.6091,302.1041,345.7469
c794,36.2650,-118.1371,2071,10,48.0,0.6632,302.0670,343.2642
c1355,36.6370,-119.3629,2071,10,48.0,41.5126,290.0028,529.1834
c1374,36.6370,-118.7657,2071,10,48.0,20.0996,290.7949,406.9348
c1394,36.6370,-118.1371,2071,10,48.0,0.4289,290.6113,309.9990
c155,35.8930,-119.3629,2072,10,49.0,39.2834,314.4860,556.0935
c174,35.8930,-118.7657,2072,10,49.0,19.4672,314.6416,414.5055
c194,35.8930,-118.1371,2072,10,49.0,0.2938,314.4413,230.2966
c755,36.2650,-119.3629,2072,10,49.0,48.3870,302.1711,569.1410
c774,36.2650,-118.7657,2072,10,49.0,22.1286,302.9097,401.8010
c794,36.2650,-118.1371,2072,10,49.0,0.6634,303.4441,262.6103
c1355,36.6370,-119.3629,2072,10,49.0,42.3790,289.4871,457.6453
c1374,36.6370,-118.7657,2072,10,49.0,20.9232,290.1962,445.9751
c1394,36.6370,-118.1371,2072,10,49.0,0.4289,289.9387,210.1275
c155,35.8930,-119.3629,2073,10,50.0,40.0305,314.6947,487.9365
c174,35.8930,-118.7657,2073,10,50.0,19.5085,314.8085,352.5215
c194,35.8930,-118.1371,2073,10,50.0,0.2938,314.2612,236.6918
c755,36.2650,-119.3629,2073,10,50.0,49.3892,302.6887,497.8730
c774,36.2650,-118.7657,2073,10,50.0,22.9026,301.8262,422.1161
c794,36.2650,-118.1371,2073,10,50.0,0.6635,302.9918,229.5798
c1355,36.6370,-119.3629,2073,10,50.0,43.0862,290.2269,424.0951
c1374,36.6370,-118.7657,2073,10,50.0,21.1409,290.1621,381.2690
c1394,36.6370,-118.1371,2073,10,50.0,0.4292,290.1032,264.2731
c155,35.8930,-119.3629,2074,10,51.0,40.8030,313.7757,600.7256
c174,35.8930,-118.7657,2074,10,51.0,20.1026,313.7045,417.0107
c194,35.8930,-118.1371,2074,10,51.0,0.2943,314.5492,278.9235
c755,36.2650,-119.3629,2074,10,51.0,50.3742,302.1638,552.6051
c774,36.2650,-118.7657,2074,10,51.0,23.2170,302.2174,387.2294
c794,36.2650,-118.1371,2074,10,51.0,0.6635,302.9242,241.9721
c1355,36.6370,-119.3629,2074,10,51.0,44.0053,290.3014,597.1135
c1374,36.6370,-118.7657,2074,10,51.0,21.8965,290.9243,428.3625
c1394,36.6370,-118.1371,2074,10,51.0,0.4300,291.4463,282.6632
c155,35.8930,-119.3629,2075,10,52.0,41.5625,313.9414,550.2338
c174,35.8930,-118.7657,2075,10,52.0,20.2530,314.1978,376.2100
c194,35.8930,-118.1371,2075,10,52.0,0.2947,314.6581,273.2060
c755,36.2650,-119.3629,2075,10,52.0,51.3590,302.0843,556.2732
c774,36.2650,-118.7657,2075,10,52.0,23.8206,302.5140,408.3123
c794,36.2650,-118.1371,2075,10,52.0,0.6636,303.0457,241.7866
c1355,36.6370,-119.3629,2075,10,52.0,44.9219,290.1063,523.3492
c1374,36.6370,-118.7657,2075,10,52.0,22.1581,290.2283,385.5568
c1394,36.6370,-118.1371,2075,10,52.0,0.4300,290.1836,234.5303
c155,35.8930,-119.3629,2076,10,53.0,42.3497,314.3609,551.2394
c174,35.8930,-118.7657,2076,10,53.0,20.2734,314.4669,339.8216
c194,35.8930,-118.1371,2076,10,53.0,0.2978,314.4618,308.4028
c755,36.2650,-119.3629,2076,10,53.0,52.3289,302.7068,534.3224
c774,36.2650,-118.7657,2076,10,53.0,24.0896,301.9593,384.0632
c794,36.2650,-118.1371,2076,10,53.0,0.6636,301.9681,218.2473
c1355,36.6370,-119.3629,2076,10,53.0,45.8213,290.6788,543.6956
c1374,36.6370,-118.7657,2076,10,53.0,22.7759,290.1450,413.2807
c1394,36.6370,-118.1371,2076,10,53.0,0.4305,291.5600,274.8624
c155,35.8930,-119.3629,2077,10,54.0,43.1079,314.6033,592.6047
c174,35.8930,-118.7657,2077,10,54.0,20.2841,314.6274,328.8227
c194,35.8930,-118.1371,2077,10,54.0,0.2983,314.3655,276.8578
c755,36.2650,-119.3629,2077,10,54.0,53.3389,302.3463,559.6229
c774,36.2650,-118.7657,2077,10,54.0,24.3546,302.0867,383.3224
c794,36.2650,-118.1371,2077,10,54.0,0.6665,303.1208,302.6195
c1355,36.6370,-119.3629,2077,10,54.0,46.7167,290.9378,572.2117
c1374,36.6370,-118.7657,2077,10,54.0,23.6831,290.9007,487.8373
c1394,36.6370,-118.1371,2077,10,54.0,0.4318,290.9002,289.9336
c155,35.8930,-119.3629,2078,10,55.0,43.8636,315.4850,526.5225
c174,35.8930,-118.7657,2078,10,55.0,21.0054,314.6199,445.2593
c194,35.8930,-118.1371,2078,10,55.0,0.2984,314.7467,254.0512
c755,36.2650,-119.3629,2078,10,55.0,54.3219,302.8182,578.4910
c774,36.2650,-118.7657,2078,10,55.0,24.3654,302.7454,324.5275
c794,36.2650,-118.1371,2078,10,55.0,0.6680,303.3615,292.0508
c1355,36.6370,-119.3629,2078,10,55.0,47.6090,290.5301,503.6502
c1374,36.6370,-118.7657,2078,10,55.0,24.2149,290.5596,406.6047
c1394,36.6370,-118.1371,2078,10,55.0,0.4328,290.9443,287.2136
c155,35.8930,-119.3629,2079,10,56.0,44.5748,314.8865,452.8301
c174,35.8930,-118.7657,2079,10,56.0,21.2457,314.5428,386.8277
c194,35.8930,-118.1371,2079,10,56.0,0.2998,315.2485,295.8353
c755,36.2650,-119.3629,2079,10,56.0,55.3113,302.8006,507.2593
c774,36.2650,-118.7657,2079,10,56.0,24.9595,302.7087,406.4598
c794,36.2650,-118.1371,2079,10,56.0,0.6689,303.4301,283.4548
c1355,36.6370,-119.3629,2079,10,56.0,48.5040,291.1857,499.0965
c1374,36.6370,-118.7657,2079,10,56.0,24.6412,290.4215,398.5775
c1394,36.6370,-118.1371,2079,10,56.0,0.4378,290.6191,312.8649
c155,35.8930,-119.3629,2080,10,57.0,45.3541,314.5660,471.5363
c174,35.8930,-118.7657,2080,10,57.0,21.2681,314.5087,341.5685
c194,35.8930,-118.1371,2080,10,57.0,0.2999,314.6428,250.7266
c755,36.2650,-119.3629,2080,10,57.0,56.3246,303.2854,543.0764
c774,36.2650,-118.7657,2080,10,57.0,24.9709,302.8432,325.8129
c794,36.2650,-118.1371,2080,10,57.0,0.6692,302.3165,262.4881
c1355,36.6370,-119.3629,2080,10,57.0,49.4244,290.9150,536.4933
c1374,36.6370,-118.7657,2080,10,57.0,24.8393,290.7779,378.7402
c1394,36.6370,-118.1371,2080,10,57.0,0.4381,290.3312,269.0665
c155,35.8930,-119.3629,2081,10,58.0,46.1052,315.2035,521.1424
c174,35.8930,-118.7657,2081,10,58.0,21.7659,315.5066,414.7381
c194,35.8930,-118.1371,2081,10,58.0,0.3000,314.7915,234.1363
c755,36.2650,-119.3629,2081,10,58.0,57.2946,302.8344,545.1259
c774,36.2650,-118.7657,2081,10,58.0,25.2302,302.5380,381.6662
c794,36.2650,-118.1371,2081,10,58.0,0.6708,302.1068,292.9869
c1355,36.6370,-119.3629,2081,10,58.0,50.3265,290.6010,533.0724
c1374,36.6370,-118.7657,2081,10,58.0,25.3542,291.0426,403.8457
c1394,36.6370,-118.1371,2081,10,58.0,0.4386,290.8375,273.6648
c155,35.8930,-119.3629,2082,10,59.0,46.8555,315.3498,592.5818
c174,35.8930,-118.7657,2082,10,59.0,22.2773,315.2071,414.1020
c194,35.8930,-118.1371,2082,10,59.0,0.3002,314.9756,267.2750
c755,36.2650,-119.3629,2082,10,59.0,58.2414,302.6327,469.9527
c774,36.2650,-118.7657,2082,10,59.0,25.2846,302.7203,352.3824
c794,36.2650,-118.1371,2082,10,59.0,0.6711,302.0971,265.8180
c1355,36.6370,-119.3629,2082,10,59.0,51.2531,291.3763,469.3838
c1374,36.6370,-118.7657,2082,10,59.0,25.7994,290.6795,399.0246
c1394,36.6370,-118.1371,2082,10,59.0,0.4495,291.3580,326.1766
c155,35.8930,-119.3629,2083,10,60.0,47.5863,315.2471,524.2938
c174,35.8930,-118.7657,2083,10,60.0,22.3529,314.4668,363.4335
c194,35.8930,-118.1371,2083,10,60.0,0.3008,316.0390,282.1682
c755,36.2650,-119.3629,2083,10,60.0,59.2375,303.8231,589.1554
c774,36.2650,-118.7657,2083,10,60.0,25.6558,303.2121,391.5936
c794,36.2650,-118.1371,2083,10,60.0,0.6752,302.6102,308.6591
c1355,36.6370,-119.3629,2083,10,60.0,52.1493,290.6906,520.5053
c1374,36.6370,-118.7657,2083,10,60.0,26.3722,290.8552,409.2811
c1394,36.6370,-118.1371,2083,10,60.0,0.4499,291.0152,271.5601
c155,35.8930,-119.3629,2084,10,61.0,48.2211,315.0246,427.1364
c174,35.8930,-118.7657,2084,10,61.0,22.9340,314.9160,420.4224
c194,35.8930,-118.1371,2084,10,61.0,0.3017,315.0600,287.3447
c755,36.2650,-119.3629,2084,10,61.0,60.1950,303.5523,548.2817
c774,36.2650,-118.7657,2084,10,61.0,26.4202,303.7168,421.6766
c794,36.2650,-118.1371,2084,10,61.0,0.6752,302.2387,150.0000
c1355,36.6370,-119.3629,2084,10,61.0,53.0566,291.5051,540.8968
c1374,36.6370,-118.7657,2084,10,61.0,26.4527,290.8970,361.1553
c1394,36.6370,-118.1371,2084,10,61.0,0.4584,290.1405,322.2615
c155,35.8930,-119.3629,2085,10,62.0,48.9667,314.7463,543.0860
c174,35.8930,-118.7657,2085,10,62.0,22.9410,315.4305,322.6666
c194,35.8930,-118.1371,2085,10,62.0,0.3039,314.5709,302.3916
c755,36.2650,-119.3629,2085,10,62.0,61.2014,303.0649,532.4940
c774,36.2650,-118.7657,2085,10,62.0,26.6383,302.6702,378.9055
c794,36.2650,-118.1371,2085,10,62.0,0.6756,302.8687,269.3859
c1355,36.6370,-119.3629,2085,10,62.0,53.9694,291.6699,584.6194
c1374,36.6370,-118.7657,2085,10,62.0,27.0497,291.3888,409.2019
c1394,36.6370,-118.1371,2085,10,62.0,0.4587,290.0999,263.5565
c155,35.8930,-119.3629,2086,10,63.0,49.7074,315.0152,473.0575
c174,35.8930,-118.7657,2086,10,63.0,23.6392,315.8209,453.7298
c194,35.8930,-118.1371,2086,10,63.0,0.3039,315.0011,243.3253
c755,36.2650,-119.3629,2086,10,63.0,62.1664,303.0669,505.9970
c774,36.2650,-118.7657,2086,10,63.0,27.5677,303.0857,441.2596
c794,36.2650,-118.1371,2086,10,63.0,0.6775,302.9713,295.1629
c1355,36.6370,-119.3629,2086,10,63.0,54.8661,290.4865,556.8525
c1374,36.6370,-118.7657,2086,10,63.0,27.7720,290.3706,425.5069
c1394,36.6370,-118.1371,2086,10,63.0,0.4587,290.6477,198.6132
c155,35.8930,-119.3629,2087,10,64.0,50.4673,314.8905,552.7753
c174,35.8930,-118.7657,2087,10,64.0,23.9988,314.2297,398.2332
c194,35.8930,-118.1371,2087,10,64.0,0.3041,315.5615,263.6821
c755,36.2650,-119.3629,2087,10,64.0,63.1621,303.5984,539.2610
c774,36.2650,-118.7657,2087,10,64.0,27.7547,303.4736,375.8598
c794,36.2650,-118.1371,2087,10,64.0,0.6869,303.2246,321.8619
c1355,36.6370,-119.3629,2087,10,64.0,55.8079,291.1018,583.0977
c1374,36.6370,-118.7657,2087,10,64.0,28.1791,290.5148,396.5647
c1394,36.6370,-118.1371,2087,10,64.0,0.4756,291.4661,333.3684
c155,35.8930,-119.3629,2088,10,65.0,51.1745,315.2474,454.6738
c174,35.8930,-118.7657,2088,10,65.0,24.5519,315.5668,418.4387
c194,35.8930,-118.1371,2088,10,65.0,0.3077,315.7344,311.4210
c755,36.2650,-119.3629,2088,10,65.0,64.1378,304.1273,533.0901
c774,36.2650,-118.7657,2088,10,65.0,28.5611,303.1812,424.0284
c794,36.2650,-118.1371,2088,10,65.0,0.6870,302.8676,250.2403
c1355,36.6370,-119.3629,2088,10,65.0,56.6975,290.9378,495.9473
c1374,36.6370,-118.7657,2088,10,65.0,29.0491,291.3770,446.6296
c1394,36.6370,-118.1371,2088,10,65.0,0.4780,291.6487,300.9572
c155,35.8930,-119.3629,2089,10,66.0,51.8904,315.1619,571.2719
c174,35.8930,-118.7657,2089,10,66.0,24.6394,315.1712,366.4239
c194,35.8930,-118.1371,2089,10,66.0,0.3085,314.9783,284.8815
c755,36.2650,-119.3629,2089,10,66.0,65.0991,303.5652,481.6030
c774,36.2650,-118.7657,2089,10,66.0,29.3505,303.8851,421.8406
c794,36.2650,-118.1371,2089,10,66.0,0.6997,303.8141,327.5365
c1355,36.6370,-119.3629,2089,10,66.0,57.6117,291.1104,537.5123
c1374,36.6370,-118.7657,2089,10,66.0,29.3478,291.2386,387.7513
c1394,36.6370,-118.1371,2089,10,66.0,0.4785,291.6117,274.4890
c155,35.8930,-119.3629,2090,10,67.0,52.6496,314.9526,566.3620
c174,35.8930,-118.7657,2090,10,67.0,25.2393,314.5562,421.9115
c194,35.8930,-118.1371,2090,10,67.0,0.3405,315.8912,349.3368
c755,36.2650,-119.3629,2090,10,67.0,66.0661,304.0152,504.7273
c774,36.2650,-118.7657,2090,10,67.0,29.5689,304.1487,379.2949
c794,36.2650,-118.1371,2090,10,67.0,0.7409,303.0485,347.5281
c1355,36.6370,-119.3629,2090,10,67.0,58.5302,291.2441,537.3264
c1374,36.6370,-118.7657,2090,10,67.0,30.2489,291.7270,451.4080
c1394,36.6370,-118.1371,2090,10,67.0,0.4916,291.6350,328.9785
c155,35.8930,-119.3629,2091,10,68.0,53.3948,315.1140,538.8756
c174,35.8930,-118.7657,2091,10,68.0,25.2791,315.8898,352.3829
c194,35.8930,-118.1371,2091,10,68.0,0.3448,315.9038,315.0051
c755,36.2650,-119.3629,2091,10,68.0,67.0613,303.4953,555.5177
c774,36.2650,-118.7657,2091,10,68.0,29.8007,303.2868,380.4205
c794,36.2650,-118.1371,2091,10,68.0,0.7411,303.3150,253.9531
c1355,36.6370,-119.3629,2091,10,68.0,59.4724,291.7864,543.3280
c1374,36.6370,-118.7657,2091,10,68.0,30.5545,291.9783,388.0598
c1394,36.6370,-118.1371,2091,10,68.0,0.4944,291.7162,303.5249
c155,35.8930,-119.3629,2092,10,69.0,54.1348,315.2313,552.1815
c174,35.8930,-118.7657,2092,10,69.0,25.5393,315.4435,389.5366
c194,35.8930,-118.1371,2092,10,69.0,0.3454,315.1414,280.2201
c755,36.2650,-119.3629,2092,10,69.0,68.0522,303.4346,517.6784
c774,36.2650,-118.7657,2092,10,69.0,29.8048,303.6867,308.3600
c794,36.2650,-118.1371,2092,10,69.0,0.7561,302.8508,330.6798
c1355,36.6370,-119.3629,2092,10,69.0,60.3294,291.1417,463.4518
c1374,36.6370,-118.7657,2092,10,69.0,30.8074,291.7824,383.6881
c1394,36.6370,-118.1371,2092,10,69.0,0.4956,291.7324,288.7528
c155,35.8930,-119.3629,2093,10,70.0,54.8603,315.2862,515.1595
c174,35.8930,-118.7657,2093,10,70.0,25.8795,314.9205,396.9616
c194,35.8930,-118.1371,2093,10,70.0,0.3454,315.5862,217.3313
c755,36.2650,-119.3629,2093,10,70.0,69.0269,303.8126,535.7416
c774,36.2650,-118.7657,2093,10,70.0,30.0425,303.3859,380.6059
c794,36.2650,-118.1371,2093,10,70.0,0.7582,303.5237,298.0386
c1355,36.6370,-119.3629,2093,10,70.0,61.2765,292.2601,481.8775
c1374,36.6370,-118.7657,2093,10,70.0,31.4713,291.4776,416.7808
c1394,36.6370,-118.1371,2093,10,70.0,0.4962,291.7173,280.1340
c155,35.8930,-119.3629,2094,10,71.0,55.5995,315.2759,605.3932
c174,35.8930,-118.7657,2094,10,71.0,26.5940,315.5546,462.3533
c194,35.8930,-118.1371,2094,10,71.0,0.3461,314.8793,283.1129
c755,36.2650,-119.3629,2094,10,71.0,69.9974,302.8864,537.5265
c774,36.2650,-118.7657,2094,10,71.0,30.7779,303.2282,416.7961
c794,36.2650,-118.1371,2094,10,71.0,0.9910,303.6998,380.6681
c1355,36.6370,-119.3629,2094,10,71.0,62.1782,291.0139,560.9275
c1374,36.6370,-118.7657,2094,10,71.0,32.2928,291.2538,440.4488
c1394,36.6370,-118.1371,2094,10,71.0,0.4963,291.5809,236.3594
c155,35.8930,-119.3629,2095,10,72.0,56.3025,316.2833,530.5127
c174,35.8930,-118.7657,2095,10,72.0,26.7766,315.5694,381.3968
c194,35.8930,-118.1371,2095,10,72.0,0.7344,315.3521,402.3769
c755,36.2650,-119.3629,2095,10,72.0,70.9807,303.7656,494.1905
c774,36.2650,-118.7657,2095,10,72.0,30.9366,303.8354,372.0643
c794,36.2650,-118.1371,2095,10,72.0,1.0062,303.2689,330.5010
c1355,36.6370,-119.3629,2095,10,72.0,63.0948,291.9509,561.4617
c1374,36.6370,-118.7657,2095,10,72.0,32.7011,292.7237,395.8350
c1394,36.6370,-118.1371,2095,10,72.0,0.4965,291.6404,257.5099
c155,35.8930,-119.3629,2096,10,73.0,57.0186,316.1949,492.8627
c174,35.8930,-118.7657,2096,10,73.0,27.3762,316.0950,427.3764
c194,35.8930,-118.1371,2096,10,73.0,0.7351,316.2971,283.5301
c755,36.2650,-119.3629,2096,10,73.0,71.9115,303.1063,446.4765
c774,36.2650,-118.7657,2096,10,73.0,30.9674,303.9948,343.0203
c794,36.2650,-118.1371,2096,10,73.0,1.0065,303.8723,265.8576
c1355,36.6370,-119.3629,2096,10,73.0,63.9929,291.3782,480.6666
c1374,36.6370,-118.7657,2096,10,73.0,33.0323,292.4463,390.4853
c1394,36.6370,-118.1371,2096,10,73.0,0.5033,291.9564,318.3284
c155,35.8930,-119.3629,2097,10,74.0,57.7246,315.9366,520.0008
c174,35.8930,-118.7657,2097,10,74.0,28.1224,314.9598,458.7724
c194,35.8930,-118.1371,2097,10,74.0,0.7371,315.4842,301.2963
c755,36.2650,-119.3629,2097,10,74.0,72.9015,304.1802,521.5622
c774,36.2650,-118.7657,2097,10,74.0,31.6787,302.9088,416.0581
c794,36.2650,-118.1371,2097,10,74.0,1.0075,303.8777,284.8166
c1355,36.6370,-119.3629,2097,10,74.0,64.8806,291.8396,499.4686
c1374,36.6370,-118.7657,2097,10,74.0,33.7659,291.6955,421.2700
c1394,36.6370,-118.1371,2097,10,74.0,0.5251,291.3403,338.1670
c155,35.8930,-119.3629,2098,10,75.0,58.4511,315.4936,562.2028
c174,35.8930,-118.7657,2098,10,75.0,28.5191,315.4585,403.1304
c194,35.8930,-118.1371,2098,10,75.0,0.7413,316.3448,314.7874
c755,36.2650,-119.3629,2098,10,75.0,73.9016,302.8682,475.0658
c774,36.2650,-118.7657,2098,10,75.0,32.1817,303.0753,400.5956
c794,36.2650,-118.1371,2098,10,75.0,1.0293,302.8766,337.0635
c1355,36.6370,-119.3629,2098,10,75.0,65.7890,291.5136,567.8532
c1374,36.6370,-118.7657,2098,10,75.0,34.1912,292.0445,397.9561
c1394,36.6370,-118.1371,2098,10,75.0,0.5300,291.9011,312.7708
c155,35.8930,-119.3629,2099,10,76.0,59.1826,315.8060,552.5849
c174,35.8930,-118.7657,2099,10,76.0,28.9140,315.9638,403.5501
c194,35.8930,-118.1371,2099,10,76.0,0.7414,315.3758,245.5546
c755,36.2650,-119.3629,2099,10,76.0,74.8707,303.7049,553.7453
c774,36.2650,-118.7657,2099,10,76.0,33.0903,303.6350,439.8047
c794,36.2650,-118.1371,2099,10,76.0,1.0306,303.9858,288.8925
c1355,36.6370,-119.3629,2099,10,76.0,66.7073,292.0652,567.7197
c1374,36.6370,-118.7657,2099,10,76.0,34.4968,292.6727,387.9277
c1394,36.6370,-118.1371,2099,10,76.0,0.5301,292.3720,217.2419
c155,35.8930,-119.3629,2100,10,77.0,59.8098,316.5654,435.3584
c174,35.8930,-118.7657,2100,10,77.0,29.4122,315.4493,412.6997
c194,35.8930,-118.1371,2100,10,77.0,0.7889,315.0824,355.1915
c755,36.2650,-119.3629,2100,10,77.0,75.8327,303.5651,467.6471
c774,36.2650,-118.7657,2100,10,77.0,33.7748,303.3708,413.3734
c794,36.2650,-118.1371,2100,10,77.0,1.0323,304.1195,294.4359
c1355,36.6370,-119.3629,2100,10,77.0,67.6217,291.8624,560.2481
c1374,36.6370,-118.7657,2100,10,77.0,35.0718,291.6497,408.8990
c1394,36.6370,-118.1371,2100,10,77.0,0.5309,291.8166,281.9775
c155,35.8930,-119.3629,2101,10,78.0,60.5125,316.1253,559.4071
c174,35.8930,-118.7657,2101,10,78.0,29.5958,315.7244,382.1792
c194,35.8930,-118.1371,2101,10,78.0,0.7890,316.2129,242.4114
c755,36.2650,-119.3629,2101,10,78.0,76.8240,303.3885,490.2077
c774,36.2650,-118.7657,2101,10,78.0,33.9807,304.1491,377.8740
c794,36.2650,-118.1371,2101,10,78.0,1.0326,303.5209,263.8712
c1355,36.6370,-119.3629,2101,10,78.0,68.5482,291.4385,516.6788
c1374,36.6370,-118.7657,2101,10,78.0,35.6312,292.1878,408.1650
c1394,36.6370,-118.1371,2101,10,78.0,0.5310,291.8267,258.9444
c155,35.8930,-119.3629,2102,10,79.0,61.2510,315.6613,511.1588
c174,35.8930,-118.7657,2102,10,79.0,30.3087,315.5269,457.8324
c194,35.8930,-118.1371,2102,10,79.0,0.7899,315.8514,288.4533
c755,36.2650,-119.3629,2102,10,79.0,77.8121,303.9607,552.4839
c774,36.2650,-118.7657,2102,10,79.0,34.6245,304.5826,411.0572
c794,36.2650,-118.1371,2102,10,79.0,1.0486,303.7514,332.1709
c1355,36.6370,-119.3629,2102,10,79.0,69.4919,291.7222,542.1574
c1374,36.6370,-118.7657,2102,10,79.0,35.6540,291.9021,338.5852
c1394,36.6370,-118.1371,2102,10,79.0,0.5312,292.3199,248.8931
c155,35.8930,-119.3629,2103,10,80.0,61.9778,315.9384,548.3368
c174,35.8930,-118.7657,2103,10,80.0,30.7042,316.0810,404.1025
c194,35.8930,-118.1371,2103,10,80.0,0.7927,315.9135,307.6762
c755,36.2650,-119.3629,2103,10,80.0,78.7747,303.2514,461.6620
c774,36.2650,-118.7657,2103,10,80.0,34.7455,304.2039,367.5748
c794,36.2650,-118.1371,2103,10,80.0,1.0513,303.5505,301.8512
c1355,36.6370,-119.3629,2103,10,80.0,70.4102,292.1428,579.0753
c1374,36.6370,-118.7657,2103,10,80.0,36.3771,292.1838,422.4539
c1394,36.6370,-118.1371,2103,10,80.0,0.5313,291.6454,248.2518
c155,35.8930,-119.3629,2104,10,81.0,62.6719,316.0924,552.6709
c174,35.8930,-118.7657,2104,10,81.0,31.3862,315.7048,446.2881
c194,35.8930,-118.1371,2104,10,81.0,0.7927,315.9033,176.9598
c755,36.2650,-119.3629,2104,10,81.0,79.7267,304.6236,577.7136
c774,36.2650,-118.7657,2104,10,81.0,34.8899,303.9283,370.7826
c794,36.2650,-118.1371,2104,10,81.0,1.0513,303.8463,233.7435
c1355,36.6370,-119.3629,2104,10,81.0,71.3238,291.7269,502.7624
c1374,36.6370,-118.7657,2104,10,81.0,36.3931,292.1287,332.4013
c1394,36.6370,-118.1371,2104,10,81.0,0.5320,292.3407,282.0095
c155,35.8930,-119.3629,2105,10,82.0,63.3805,316.3522,555.9735
c174,35.8930,-118.7657,2105,10,82.0,31.5095,315.9006,373.7569
c194,35.8930,-118.1371,2105,10,82.0,0.7927,315.8676,182.6610
c755,36.2650,-119.3629,2105,10,82.0,80.7242,304.1325,523.8032
c774,36.2650,-118.7657,2105,10,82.0,35.7814,303.9265,441.6163
c794,36.2650,-118.1371,2105,10,82.0,1.0620,303.9978,325.1916
c1355,36.6370,-119.3629,2105,10,82.0,72.2539,292.4005,542.1894
c1374,36.6370,-118.7657,2105,10,82.0,36.4878,292.0198,364.1956
c1394,36.6370,-118.1371,2105,10,82.0,0.5327,292.3425,279.7161
c155,35.8930,-119.3629,2106,10,83.0,64.0948,315.9151,474.4534
c174,35.8930,-118.7657,2106,10,83.0,31.9999,316.0851,414.4534
c194,35.8930,-118.1371,2106,10,83.0,0.8141,315.9168,342.0619
c755,36.2650,-119.3629,2106,10,83.0,81.7126,303.6525,485.1935
c774,36.2650,-118.7657,2106,10,83.0,36.5972,304.2550,427.3062
c794,36.2650,-118.1371,2106,10,83.0,1.0621,303.9321,222.0528
c1355,36.6370,-119.3629,2106,10,83.0,73.1862,292.1220,546.6924
c1374,36.6370,-118.7657,2106,10,83.0,36.8475,292.0918,392.0097
c1394,36.6370,-118.1371,2106,10,83.0,0.5333,291.7658,277.6607
c155,35.8930,-119.3629,2107,10,84.0,64.7829,316.6640,548.8403
c174,35.8930,-118.7657,2107,10,84.0,32.6862,316.0943,451.0855
c194,35.8930,-118.1371,2107,10,84.0,0.8282,316.4791,335.0578
c755,36.2650,-119.3629,2107,10,84.0,82.7091,303.7498,497.1954
c774,36.2650,-118.7657,2107,10,84.0,36.8495,304.4787,382.7856
c794,36.2650,-118.1371,2107,10,84.0,1.0626,304.3222,274.8385
c1355,36.6370,-119.3629,2107,10,84.0,74.1315,292.5064,578.3617
c1374,36.6370,-118.7657,2107,10,84.0,37.5044,292.5011,414.4628
c1394,36.6370,-118.1371,2107,10,84.0,0.5336,291.9993,264.4197
c155,35.8930,-119.3629,2108,10,85.0,65.4686,316.6937,477.2602
c174,35.8930,-118.7657,2108,10,85.0,33.1378,315.6249,408.6659
c194,35.8930,-118.1371,2108,10,85.0,0.8282,315.8508,213.2163
c755,36.2650,-119.3629,2108,10,85.0,83.7157,303.5673,549.0460
c774,36.2650,-118.7657,2108,10,85.0,37.3269,304.2604,399.7987
c794,36.2650,-118.1371,2108,10,85.0,1.0630,304.2027,268.8948
c1355,36.6370,-119.3629,2108,10,85.0,75.0462,291.2793,488.9400
c1374,36.6370,-118.7657,2108,10,85.0,37.7317,292.9385,380.7713
c1394,36.6370,-118.1371,2108,10,85.0,0.5336,292.3728,212.1479
c155,35.8930,-119.3629,2109,10,86.0,66.1775,316.3153,527.3359
c174,35.8930,-118.7657,2109,10,86.0,33.5684,315.8991,405.4628
c194,35.8930,-118.1371,2109,10,86.0,0.8284,315.7985,261.7222
c755,36.2650,-119.3629,2109,10,86.0,84.6872,304.5039,541.3931
c774,36.2650,-118.7657,2109,10,86.0,38.3092,303.9388,465.4473
c794,36.2650,-118.1371,2109,10,86.0,1.0636,304.6386,279.0342
c1355,36.6370,-119.3629,2109,10,86.0,75.9797,292.9802,492.7807
c1374,36.6370,-118.7657,2109,10,86.0,37.8432,292.2276,366.8027
c1394,36.6370,-118.1371,2109,10,86.0,0.5361,292.1405,301.4503
c155,35.8930,-119.3629,2110,10,87.0,66.8742,315.7667,499.7482
c174,35.8930,-118.7657,2110,10,87.0,34.2756,315.7936,466.1950
c194,35.8930,-118.1371,2110,10,87.0,0.8324,317.2529,315.0024
c755,36.2650,-119.3629,2110,10,87.0,85.6857,304.2673,569.8368
c774,36.2650,-118.7657,2110,10,87.0,38.6658,304.1157,391.1118
c794,36.2650,-118.1371,2110,10,87.0,1.0715,304.3913,319.6784
c1355,36.6370,-119.3629,2110,10,87.0,76.8910,291.7731,535.8508
c1374,36.6370,-118.7657,2110,10,87.0,37.8552,292.6421,327.6461
c1394,36.6370,-118.1371,2110,10,87.0,0.5362,292.4114,228.2015
c155,35.8930,-119.3629,2111,10,88.0,67.5867,316.4617,480.9408
c174,35.8930,-118.7657,2111,10,88.0,34.3560,316.8018,366.3725
c194,35.8930,-118.1371,2111,10,88.0,0.8330,316.6108,279.9717
c755,36.2650,-119.3629,2111,10,88.0,86.6593,305.1746,596.3340
c774,36.2650,-118.7657,2111,10,88.0,39.0554,304.2636,393.0269
c794,36.2650,-118.1371,2111,10,88.0,1.0719,304.7227,269.7798
c1355,36.6370,-119.3629,2111,10,88.0,77.7994,291.6418,506.3485
c1374,36.6370,-118.7657,2111,10,88.0,38.6727,292.2354,430.0290
c1394,36.6370,-118.1371,2111,10,88.0,0.5362,291.7075,243.7144
c155,35.8930,-119.3629,2112,10,89.0,68.2769,316.3682,548.4718
c174,35.8930,-118.7657,2112,10,89.0,35.0128,316.8286,442.6203
c194,35.8930,-118.1371,2112,10,89.0,0.8338,316.2198,288.0429
c755,36.2650,-119.3629,2112,10,89.0,87.6443,304.2348,527.0770
c774,36.2650,-118.7657,2112,10,89.0,39.7435,304.2888,413.1306
c794,36.2650,-118.1371,2112,10,89.0,1.0732,304.2647,289.3715
c1355,36.6370,-119.3629,2112,10,89.0,78.7070,292.8489,450.5802
c1374,36.6370,-118.7657,2112,10,89.0,39.6098,292.9813,480.7575
c1394,36.6370,-118.1371,2112,10,89.0,0.5392,291.2861,304.7883
c155,35.8930,-119.3629,2113,10,90.0,68.9577,316.8850,558.8470
c174,35.8930,-118.7657,2113,10,90.0,35.7336,315.9718,480.1448
c194,35.8930,-118.1371,2113,10,90.0,0.8366,317.0711,308.6436
c755,36.2650,-119.3629,2113,10,90.0,88.6361,303.5674,520.9311
c774,36.2650,-118.7657,2113,10,90.0,40.4140,303.8788,411.9870
c794,36.2650,-118.1371,2113,10,90.0,1.2411,304.3209,373.6692
c1355,36.6370,-119.3629,2113,10,90.0,79.6348,292.0659,560.2337
c1374,36.6370,-118.7657,2113,10,90.0,39.9957,292.6655,394.5341
c1394,36.6370,-118.1371,2113,10,90.0,0.5397,292.8466,272.2653
c155,35.8930,-119.3629,2114,10,91.0,69.6779,316.3514,459.8589
c174,35.8930,-118.7657,2114,10,91.0,36.3900,316.7306,442.1260
c194,35.8930,-118.1371,2114,10,91.0,0.8366,315.8781,238.3775
c755,36.2650,-119.3629,2114,10,91.0,89.6015,304.0865,495.9353
c774,36.2650,-118.7657,2114,10,91.0,40.8903,304.7875,398.4383
c794,36.2650,-118.1371,2114,10,91.0,1.2451,303.9363,308.2953
c1355,36.6370,-119.3629,2114,10,91.0,80.5765,292.9571,574.6614
c1374,36.6370,-118.7657,2114,10,91.0,40.0558,292.1061,355.2493
c1394,36.6370,-118.1371,2114,10,91.0,0.5399,293.1371,259.3826
c155,35.8930,-119.3629,2115,10,92.0,70.2014,317.4329,421.4289
c174,35.8930,-118.7657,2115,10,92.0,36.9245,315.7511,415.8457
c194,35.8930,-118.1371,2115,10,92.0,0.8367,315.7919,239.2491
c755,36.2650,-119.3629,2115,10,92.0,90.6016,305.4288,522.6723
c774,36.2650,-118.7657,2115,10,92.0,41.3652,304.5723,398.9778
c794,36.2650,-118.1371,2115,10,92.0,1.2457,304.8678,276.9624
c1355,36.6370,-119.3629,2115,10,92.0,81.5206,292.4105,569.7063
c1374,36.6370,-118.7657,2115,10,92.0,40.9456,292.4039,445.6511
c1394,36.6370,-118.1371,2115,10,92.0,0.5406,292.1859,281.4049
c155,35.8930,-119.3629,2116,10,93.0,70.8771,317.0831,522.4031
c174,35.8930,-118.7657,2116,10,93.0,37.6216,316.3931,475.5840
c194,35.8930,-118.1371,2116,10,93.0,0.8392,315.8812,306.3801
c755,36.2650,-119.3629,2116,10,93.0,91.5602,304.4702,555.8623
c774,36.2650,-118.7657,2116,10,93.0,42.0371,304.1153,412.4786
c794,36.2650,-118.1371,2116,10,93.0,1.2458,305.0595,245.7396
c1355,36.6370,-119.3629,2116,10,93.0,82.4602,292.6641,525.7907
c1374,36.6370,-118.7657,2116,10,93.0,41.5159,292.4669,406.5263
c1394,36.6370,-118.1371,2116,10,93.0,0.5416,292.5090,285.8580
c155,35.8930,-119.3629,2117,10,94.0,71.5795,316.6409,559.5373
c174,35.8930,-118.7657,2117,10,94.0,37.9473,316.6961,397.3533
c194,35.8930,-118.1371,2117,10,94.0,0.8685,316.0668,347.4818
c755,36.2650,-119.3629,2117,10,94.0,92.5284,304.0478,504.6321
c774,36.2650,-118.7657,2117,10,94.0,42.3570,304.6521,388.2193
c794,36.2650,-118.1371,2117,10,94.0,1.2673,304.1767,337.0691
c1355,36.6370,-119.3629,2117,10,94.0,83.4007,292.4697,516.5650
c1374,36.6370,-118.7657,2117,10,94.0,42.2267,292.8449,419.7317
c1394,36.6370,-118.1371,2117,10,94.0,0.5416,294.0665,201.9403
c155,35.8930,-119.3629,2118,10,95.0,72.2470,317.0588,550.2533
c174,35.8930,-118.7657,2118,10,95.0,38.0006,316.9965,358.9877
c194,35.8930,-118.1371,2118,10,95.0,0.8704,315.6297,300.7924
c755,36.2650,-119.3629,2118,10,95.0,93.5177,304.5290,535.7641
c774,36.2650,-118.7657,2118,10,95.0,43.0698,304.7171,418.0038
c794,36.2650,-118.1371,2118,10,95.0,1.2685,304.3944,288.3737
c1355,36.6370,-119.3629,2118,10,95.0,84.3427,292.6899,491.6562
c1374,36.6370,-118.7657,2118,10,95.0,42.7344,292.9542,402.8451
c1394,36.6370,-118.1371,2118,10,95.0,0.5416,292.1768,214.7687
c155,35.8930,-119.3629,2119,10,96.0,72.9292,316.8068,489.8961
c174,35.8930,-118.7657,2119,10,96.0,38.2913,316.6425,395.6438
c194,35.8930,-118.1371,2119,10,96.0,0.8713,316.5882,288.9414
c755,36.2650,-119.3629,2119,10,96.0,94.4835,304.5351,486.4004
c774,36.2650,-118.7657,2119,10,96.0,43.4482,304.7657,392.9967
c794,36.2650,-118.1371,2119,10,96.0,1.2734,304.5961,312.5184
c1355,36.6370,-119.3629,2119,10,96.0,85.3025,292.9615,490.1247
c1374,36.6370,-118.7657,2119,10,96.0,42.9493,291.7309,380.2552
c1394,36.6370,-118.1371,2119,10,96.0,0.5416,292.4260,228.0465
c155,35.8930,-119.3629,2120,10,97.0,73.6102,316.7277,542.9216
c174,35.8930,-118.7657,2120,10,97.0,38.5643,316.5004,392.8299
c194,35.8930,-118.1371,2120,10,97.0,0.8718,316.4542,278.1736
c755,36.2650,-119.3629,2120,10,97.0,95.4532,304.8664,599.2359
c774,36.2650,-118.7657,2120,10,97.0,44.1510,304.2300,416.9174
c794,36.2650,-118.1371,2120,10,97.0,1.2742,305.2146,280.1961
c1355,36.6370,-119.3629,2120,10,97.0,86.2361,293.4182,546.6776
c1374,36.6370,-118.7657,2120,10,97.0,43.0366,292.4525,362.0156
c1394,36.6370,-118.1371,2120,10,97.0,0.5757,292.6261,345.0656
c155,35.8930,-119.3629,2121,10,98.0,74.3006,316.7081,510.1261
c174,35.8930,-118.7657,2121,10,98.0,38.6808,316.9564,374.1373
c194,35.8930,-118.1371,2121,10,98.0,0.8801,317.1470,326.4892
c755,36.2650,-119.3629,2121,10,98.0,96.4111,304.9189,468.2427
c774,36.2650,-118.7657,2121,10,98.0,44.8510,304.9310,415.6745
c794,36.2650,-118.1371,2121,10,98.0,1.2775,304.6983,305.4113
c1355,36.6370,-119.3629,2121,10,98.0,87.1478,292.9415,541.1771
c1374,36.6370,-118.7657,2121,10,98.0,43.9514,292.9223,460.4534
c1394,36.6370,-118.1371,2121,10,98.0,0.5758,292.9716,251.6495
c155,35.8930,-119.3629,2122,10,99.0,74.9828,316.4272,465.6335
c174,35.8930,-118.7657,2122,10,99.0,38.8870,316.9711,386.1410
c194,35.8930,-118.1371,2122,10,99.0,0.8804,316.9353,269.2618
c755,36.2650,-119.3629,2122,10,99.0,97.3528,305.2637,538.1943
c774,36.2650,-118.7657,2122,10,99.0,45.1366,304.9108,385.5172
c794,36.2650,-118.1371,2122,10,99.0,1.2778,305.1542,265.4665
c1355,36.6370,-119.3629,2122,10,99.0,88.0909,292.8576,548.3296
c1374,36.6370,-118.7657,2122,10,99.0,44.6845,292.3637,420.0164
c1394,36.6370,-118.1371,2122,10,99.0,0.5758,292.8178,238.8406
