meanAge,position.longitude,precipitation,position.x,position.y,year,position.latitude,temperature,nTrees,meanHeight,step,replicate
1.0,-119.3629,572.9768,0.1020,0.9000,2024,35.8930,312.7072,10,0.8123,0,0
1.0,-118.7657,451.1201,0.4898,0.9000,2024,35.8930,311.4888,10,0.7978,0,0
1.0,-118.1371,313.2179,0.8980,0.9000,2024,35.8930,311.5572,10,0.0045,0,0
1.0,-119.3629,600.9132,0.1020,0.5000,2024,36.2650,300.4544,10,0.9828,0,0
1.0,-118.7657,360.7234,0.4898,0.5000,2024,36.2650,300.0048,10,0.0871,0,0
1.0,-118.1371,213.2412,0.8980,0.5000,2024,36.2650,299.2853,10,0.0000,0,0
1.0,-119.3629,454.3565,0.1020,0.1000,2024,36.6370,288.1865,10,0.8049,0,0
1.0,-118.7657,395.8893,0.4898,0.1000,2024,36.6370,287.9903,10,0.3695,0,0
1.0,-118.1371,264.1091,0.8980,0.1000,2024,36.6370,287.2515,10,0.0002,0,0
2.0,-119.3629,483.5960,0.1020,0.9000,2025,35.8930,312.8112,10,1.6134,1,0
2.0,-118.7657,459.2918,0.4898,0.9000,2025,35.8930,312.5009,10,1.6016,1,0
2.0,-118.1371,347.1214,0.8980,0.9000,2025,35.8930,312.3185,10,0.0379,1,0
2.0,-119.3629,529.6723,0.1020,0.5000,2025,36.2650,299.8527,10,1.9541,1,0
2.0,-118.7657,377.6989,0.4898,0.5000,2025,36.2650,299.0966,10,0.2944,1,0
2.0,-118.1371,349.4089,0.8980,0.5000,2025,36.2650,300.3747,10,0.0458,1,0
2.0,-119.3629,516.9232,0.1020,0.1000,2025,36.6370,288.0665,10,1.6314,1,0
2.0,-118.7657,423.6895,0.4898,0.1000,2025,36.6370,287.7795,10,1.0327,1,0
2.0,-118.1371,247.0823,0.8980,0.1000,2025,36.6370,287.9972,10,0.0003,1,0
3.0,-119.3629,498.9519,0.1020,0.9000,2026,35.8930,312.2368,10,2.4487,2,0
3.0,-118.7657,479.8158,0.4898,0.9000,2026,35.8930,311.3333,10,2.4710,2,0
3.0,-118.1371,322.2692,0.8980,0.9000,2026,35.8930,311.8668,10,0.0458,2,0
3.0,-119.3629,488.8216,0.1020,0.5000,2026,36.2650,299.3511,10,2.9230,2,0
3.0,-118.7657,366.8110,0.4898,0.5000,2026,36.2650,299.5885,10,0.4112,2,0
3.0,-118.1371,314.5368,0.8980,0.5000,2026,36.2650,300.3510,10,0.0517,2,0
3.0,-119.3629,494.2988,0.1020,0.1000,2026,36.6370,289.0877,10,2.4799,2,0
3.0,-118.7657,429.6189,0.4898,0.1000,2026,36.6370,287.8287,10,1.7357,2,0
3.0,-118.1371,317.8961,0.8980,0.1000,2026,36.6370,288.2294,10,0.0064,2,0
4.0,-119.3629,560.5066,0.1020,0.9000,2027,35.8930,311.6186,10,3.2991,3,0
4.0,-118.7657,434.4406,0.4898,0.9000,2027,35.8930,312.4532,10,3.2081,3,0
4.0,-118.1371,328.3736,0.8980,0.9000,2027,35.8930,312.1327,10,0.0571,3,0
4.0,-119.3629,479.2464,0.1020,0.5000,2027,36.2650,300.6123,10,3.9215,3,0
4.0,-118.7657,415.9980,0.4898,0.5000,2027,36.2650,300.4362,10,1.1280,3,0
4.0,-118.1371,293.0636,0.8980,0.5000,2027,36.2650,300.6147,10,0.0534,3,0
4.0,-119.3629,482.1152,0.1020,0.1000,2027,36.6370,288.3681,10,3.3211,3,0
4.0,-118.7657,508.8136,0.4898,0.1000,2027,36.6370,287.6154,10,2.5730,3,0
4.0,-118.1371,299.8601,0.8980,0.1000,2027,36.6370,288.4606,10,0.0085,3,0
5.0,-119.3629,510.2679,0.1020,0.9000,2028,35.8930,312.1245,10,4.1344,4,0
5.0,-118.7657,373.1991,0.4898,0.9000,2028,35.8930,311.9357,10,3.3473,4,0
5.0,-118.1371,255.8052,0.8980,0.9000,2028,35.8930,312.9657,10,0.0573,4,0
5.0,-119.3629,479.4451,0.1020,0.5000,2028,36.2650,300.1835,10,4.8924,4,0
5.0,-118.7657,382.9579,0.4898,0.5000,2028,36.2650,300.7777,10,1.3905,4,0
5.0,-118.1371,335.1370,0.8980,0.5000,2028,36.2650,300.4785,10,0.0738,4,0
5.0,-119.3629,564.7405,0.1020,0.1000,2028,36.6370,288.2651,10,4.1564,4,0
5.0,-118.7657,403.6477,0.4898,0.1000,2028,36.6370,288.1943,10,3.0306,4,0
5.0,-118.1371,293.1756,0.8980,0.1000,2028,36.6370,288.1821,10,0.0099,4,0
6.0,-119.3629,496.7548,0.1020,0.9000,2029,35.8930,312.5465,10,4.9469,5,0
6.0,-118.7657,416.6915,0.4898,0.9000,2029,35.8930,312.1091,10,3.9433,5,0
6.0,-118.1371,281.6244,0.8980,0.9000,2029,35.8930,312.1929,10,0.0580,5,0
6.0,-119.3629,511.1980,0.1020,0.5000,2029,36.2650,300.2699,10,5.8817,5,0
6.0,-118.7657,417.6446,0.4898,0.5000,2029,36.2650,300.8704,10,2.1179,5,0
6.0,-118.1371,227.1969,0.8980,0.5000,2029,36.2650,300.8449,10,0.0739,5,0
6.0,-119.3629,553.5516,0.1020,0.1000,2029,36.6370,288.4182,10,5.0106,5,0
6.0,-118.7657,342.4809,0.4898,0.1000,2029,36.6370,287.8381,10,3.0558,5,0
6.0,-118.1371,271.2089,0.8980,0.1000,2029,36.6370,288.6833,10,0.0102,5,0
7.0,-119.3629,584.1901,0.1020,0.9000,2030,35.8930,312.5685,10,5.7565,6,0
7.0,-118.7657,392.8995,0.4898,0.9000,2030,35.8930,312.0312,10,4.2749,6,0
7.0,-118.1371,324.8999,0.8980,0.9000,2030,35.8930,311.6259,10,0.0673,6,0
7.0,-119.3629,501.0156,0.1020,0.5000,2030,36.2650,300.3080,10,6.8522,6,0
7.0,-118.7657,409.7306,0.4898,0.5000,2030,36.2650,299.8511,10,2.7670,6,0
7.0,-118.1371,367.5166,0.8980,0.5000,2030,36.2650,300.6108,10,0.1997,6,0
7.0,-119.3629,552.7473,0.1020,0.1000,2030,36.6370,288.8588,10,5.8428,6,0
7.0,-118.7657,376.7594,0.4898,0.1000,2030,36.6370,288.2001,10,3.2250,6,0
7.0,-118.1371,255.9835,0.8980,0.1000,2030,36.6370,288.2890,10,0.0104,6,0
8.0,-119.3629,506.1121,0.1020,0.9000,2031,35.8930,311.9975,10,6.6033,7,0
8.0,-118.7657,379.1802,0.4898,0.9000,2031,35.8930,312.6925,10,4.4575,7,0
8.0,-118.1371,301.2250,0.8980,0.9000,2031,35.8930,312.1333,10,0.0695,7,0
8.0,-119.3629,533.3936,0.1020,0.5000,2031,36.2650,299.7879,10,7.8867,7,0
8.0,-118.7657,423.7862,0.4898,0.5000,2031,36.2650,300.7766,10,3.5554,7,0
8.0,-118.1371,270.2541,0.8980,0.5000,2031,36.2650,299.9286,10,0.2001,7,0
8.0,-119.3629,516.3356,0.1020,0.1000,2031,36.6370,288.8652,10,6.7198,7,0
8.0,-118.7657,329.1685,0.4898,0.1000,2031,36.6370,288.3007,10,3.2373,7,0
8.0,-118.1371,375.7445,0.8980,0.1000,2031,36.6370,288.2581,10,0.1680,7,0
9.0,-119.3629,554.7706,0.1020,0.9000,2032,35.8930,312.8490,10,7.4142,8,0
9.0,-118.7657,344.8221,0.4898,0.9000,2032,35.8930,312.2987,10,4.4860,8,0
9.0,-118.1371,305.2761,0.8980,0.9000,2032,35.8930,312.3347,10,0.0724,8,0
9.0,-119.3629,505.7476,0.1020,0.5000,2032,36.2650,300.6648,10,8.8840,8,0
9.0,-118.7657,356.9469,0.4898,0.5000,2032,36.2650,301.1895,10,3.6262,8,0
9.0,-118.1371,235.4717,0.8980,0.5000,2032,36.2650,300.1228,10,0.2002,8,0
9.0,-119.3629,527.9495,0.1020,0.1000,2032,36.6370,286.8449,10,7.5077,8,0
9.0,-118.7657,358.3306,0.4898,0.1000,2032,36.6370,288.1498,10,3.2997,8,0
9.0,-118.1371,313.4058,0.8980,0.1000,2032,36.6370,288.6205,10,0.1729,8,0
10.0,-119.3629,485.2286,0.1020,0.9000,2033,35.8930,311.7523,10,8.2367,9,0
10.0,-118.7657,384.0675,0.4898,0.9000,2033,35.8930,312.6298,10,4.7156,9,0
10.0,-118.1371,254.6936,0.8980,0.9000,2033,35.8930,312.5002,10,0.0725,9,0
10.0,-119.3629,565.2759,0.1020,0.5000,2033,36.2650,299.8213,10,9.8652,9,0
10.0,-118.7657,347.8149,0.4898,0.5000,2033,36.2650,300.3483,10,3.6682,9,0
10.0,-118.1371,271.2024,0.8980,0.5000,2033,36.2650,301.1691,10,0.2006,9,0
10.0,-119.3629,514.7373,0.1020,0.1000,2033,36.6370,288.6053,10,8.3859,9,0
10.0,-118.7657,357.0962,0.4898,0.1000,2033,36.6370,288.4312,10,3.3606,9,0
10.0,-118.1371,235.5746,0.8980,0.1000,2033,36.6370,288.0909,10,0.1729,9,0
11.0,-119.3629,484.5411,0.1020,0.9000,2034,35.8930,312.5544,10,9.0872,10,0
11.0,-118.7657,396.3104,0.4898,0.9000,2034,35.8930,312.0967,10,5.0877,10,0
11.0,-118.1371,307.8630,0.8980,0.9000,2034,35.8930,312.5498,10,0.0758,10,0
11.0,-119.3629,507.9041,0.1020,0.5000,2034,36.2650,301.3875,10,10.8647,10,0
11.0,-118.7657,387.6721,0.4898,0.5000,2034,36.2650,300.9086,10,3.9899,10,0
11.0,-118.1371,247.6610,0.8980,0.5000,2034,36.2650,299.4554,10,0.2008,10,0
11.0,-119.3629,479.1722,0.1020,0.1000,2034,36.6370,288.6861,10,9.2527,10,0
11.0,-118.7657,393.1379,0.4898,0.1000,2034,36.6370,288.5175,10,3.6966,10,0
11.0,-118.1371,235.7578,0.8980,0.1000,2034,36.6370,288.7790,10,0.1729,10,0
12.0,-119.3629,494.9720,0.1020,0.9000,2035,35.8930,313.2287,10,9.8891,11,0
12.0,-118.7657,361.0547,0.4898,0.9000,2035,35.8930,313.0858,10,5.1608,11,0
12.0,-118.1371,249.9040,0.8980,0.9000,2035,35.8930,312.7692,10,0.0759,11,0
12.0,-119.3629,453.7766,0.1020,0.5000,2035,36.2650,300.3411,10,11.7920,11,0
12.0,-118.7657,404.9804,0.4898,0.5000,2035,36.2650,300.6323,10,4.5693,11,0
12.0,-118.1371,255.4650,0.8980,0.5000,2035,36.2650,301.0924,10,0.2009,11,0
12.0,-119.3629,479.5969,0.1020,0.1000,2035,36.6370,288.8917,10,10.1157,11,0
12.0,-118.7657,413.3471,0.4898,0.1000,2035,36.6370,288.0619,10,4.2698,11,0
12.0,-118.1371,296.0614,0.8980,0.1000,2035,36.6370,289.0852,10,0.1746,11,0
13.0,-119.3629,534.2824,0.1020,0.9000,2036,35.8930,312.0077,10,10.7156,12,0
13.0,-118.7657,398.5876,0.4898,0.9000,2036,35.8930,313.3001,10,5.5496,12,0
13.0,-118.1371,307.0217,0.8980,0.9000,2036,35.8930,313.0130,10,0.0790,12,0
13.0,-119.3629,519.0100,0.1020,0.5000,2036,36.2650,301.1874,10,12.7874,12,0
13.0,-118.7657,435.8878,0.4898,0.5000,2036,36.2650,300.5451,10,5.4599,12,0
13.0,-118.1371,284.4456,0.8980,0.5000,2036,36.2650,300.5562,10,0.2019,12,0
13.0,-119.3629,513.0697,0.1020,0.1000,2036,36.6370,288.7979,10,11.0064,12,0
13.0,-118.7657,371.1573,0.4898,0.1000,2036,36.6370,288.7723,10,4.3984,12,0
13.0,-118.1371,262.7742,0.8980,0.1000,2036,36.6370,288.2141,10,0.1748,12,0
14.0,-119.3629,495.0237,0.1020,0.9000,2037,35.8930,311.9253,10,11.5382,13,0
14.0,-118.7657,370.6282,0.4898,0.9000,2037,35.8930,313.0291,10,5.6658,13,0
14.0,-118.1371,279.9540,0.8980,0.9000,2037,35.8930,311.8550,10,0.0797,13,0
14.0,-119.3629,492.6623,0.1020,0.5000,2037,36.2650,300.4736,10,13.7688,13,0
14.0,-118.7657,378.5752,0.4898,0.5000,2037,36.2650,300.2162,10,5.6739,13,0
14.0,-118.1371,322.7497,0.8980,0.5000,2037,36.2650,301.2665,10,0.2115,13,0
14.0,-119.3629,485.4859,0.1020,0.1000,2037,36.6370,289.0111,10,11.8866,13,0
14.0,-118.7657,412.1693,0.4898,0.1000,2037,36.6370,288.4587,10,4.9786,13,0
14.0,-118.1371,227.3396,0.8980,0.1000,2037,36.6370,288.7147,10,0.1749,13,0
15.0,-119.3629,541.0954,0.1020,0.9000,2038,35.8930,312.1503,10,12.3739,14,0
15.0,-118.7657,362.0294,0.4898,0.9000,2038,35.8930,312.7414,10,5.7444,14,0
15.0,-118.1371,248.4748,0.8980,0.9000,2038,35.8930,312.4846,10,0.0798,14,0
15.0,-119.3629,537.1902,0.1020,0.5000,2038,36.2650,300.6714,10,14.7799,14,0
15.0,-118.7657,439.7830,0.4898,0.5000,2038,36.2650,300.9156,10,6.5888,14,0
15.0,-118.1371,304.8463,0.8980,0.5000,2038,36.2650,300.9979,10,0.2147,14,0
15.0,-119.3629,482.6837,0.1020,0.1000,2038,36.6370,288.3361,10,12.7422,14,0
15.0,-118.7657,430.7845,0.4898,0.1000,2038,36.6370,289.0829,10,5.7478,14,0
15.0,-118.1371,305.2971,0.8980,0.1000,2038,36.6370,288.3899,10,0.1777,14,0
16.0,-119.3629,591.6954,0.1020,0.9000,2039,35.8930,312.2571,10,13.1978,15,0
16.0,-118.7657,395.3268,0.4898,0.9000,2039,35.8930,312.3391,10,6.0989,15,0
16.0,-118.1371,282.5128,0.8980,0.9000,2039,35.8930,312.9671,10,0.0805,15,0
16.0,-119.3629,493.6971,0.1020,0.5000,2039,36.2650,300.7678,10,15.7939,15,0
16.0,-118.7657,408.7698,0.4898,0.5000,2039,36.2650,301.1691,10,7.2346,15,0
16.0,-118.1371,298.3128,0.8980,0.5000,2039,36.2650,300.7133,10,0.2169,15,0
16.0,-119.3629,534.7123,0.1020,0.1000,2039,36.6370,289.3819,10,13.6160,15,0
16.0,-118.7657,401.5277,0.4898,0.1000,2039,36.6370,289.0131,10,6.2017,15,0
16.0,-118.1371,257.9473,0.8980,0.1000,2039,36.6370,288.3855,10,0.1778,15,0
17.0,-119.3629,499.7492,0.1020,0.9000,2040,35.8930,312.4991,10,14.0204,16,0
17.0,-118.7657,374.8442,0.4898,0.9000,2040,35.8930,312.8144,10,6.2477,16,0
17.0,-118.1371,301.5898,0.8980,0.9000,2040,35.8930,312.7159,10,0.0827,16,0
17.0,-119.3629,513.7600,0.1020,0.5000,2040,36.2650,300.6198,10,16.7726,16,0
17.0,-118.7657,370.3120,0.4898,0.5000,2040,36.2650,300.9497,10,7.3816,16,0
17.0,-118.1371,328.1675,0.8980,0.5000,2040,36.2650,300.3049,10,0.2299,16,0
17.0,-119.3629,546.4729,0.1020,0.1000,2040,36.6370,288.5555,10,14.5001,16,0
17.0,-118.7657,384.4183,0.4898,0.1000,2040,36.6370,289.0743,10,6.4497,16,0
17.0,-118.1371,325.3358,0.8980,0.1000,2040,36.6370,288.5356,10,0.1875,16,0
18.0,-119.3629,531.3719,0.1020,0.9000,2041,35.8930,312.3635,10,14.8587,17,0
18.0,-118.7657,413.2690,0.4898,0.9000,2041,35.8930,312.4377,10,6.8212,17,0
18.0,-118.1371,303.2321,0.8980,0.9000,2041,35.8930,313.7373,10,0.0850,17,0
18.0,-119.3629,488.1590,0.1020,0.5000,2041,36.2650,300.4012,10,17.7834,17,0
18.0,-118.7657,373.6275,0.4898,0.5000,2041,36.2650,301.0088,10,7.5522,17,0
18.0,-118.1371,262.3982,0.8980,0.5000,2041,36.2650,300.3550,10,0.2302,17,0
18.0,-119.3629,564.3106,0.1020,0.1000,2041,36.6370,288.7249,10,15.3455,17,0
18.0,-118.7657,501.3049,0.4898,0.1000,2041,36.6370,289.2199,10,7.3040,17,0
18.0,-118.1371,296.9431,0.8980,0.1000,2041,36.6370,288.8032,10,0.1893,17,0
19.0,-119.3629,568.5812,0.1020,0.9000,2042,35.8930,312.1866,10,15.6919,18,0
19.0,-118.7657,371.2482,0.4898,0.9000,2042,35.8930,312.6472,10,6.9450,18,0
19.0,-118.1371,296.1120,0.8980,0.9000,2042,35.8930,313.5790,10,0.0866,18,0
19.0,-119.3629,516.4917,0.1020,0.5000,2042,36.2650,300.8241,10,18.7846,18,0
19.0,-118.7657,422.5825,0.4898,0.5000,2042,36.2650,301.1940,10,8.3388,18,0
19.0,-118.1371,240.9423,0.8980,0.5000,2042,36.2650,300.8916,10,0.2303,18,0
19.0,-119.3629,468.6029,0.1020,0.1000,2042,36.6370,288.7947,10,16.1553,18,0
19.0,-118.7657,375.6532,0.4898,0.1000,2042,36.6370,288.6557,10,7.4612,18,0
19.0,-118.1371,301.1901,0.8980,0.1000,2042,36.6370,289.1803,10,0.1916,18,0
20.0,-119.3629,544.3628,0.1020,0.9000,2043,35.8930,312.8316,10,16.5242,19,0
20.0,-118.7657,347.0657,0.4898,0.9000,2043,35.8930,313.2939,10,6.9765,19,0
20.0,-118.1371,248.4953,0.8980,0.9000,2043,35.8930,312.8263,10,0.0867,19,0
20.0,-119.3629,562.7797,0.1020,0.5000,2043,36.2650,300.8773,10,19.7833,19,0
20.0,-118.7657,410.7311,0.4898,0.5000,2043,36.2650,301.0787,10,8.9962,19,0
20.0,-118.1371,317.8360,0.8980,0.5000,2043,36.2650,301.3087,10,0.2375,19,0
20.0,-119.3629,463.1198,0.1020,0.1000,2043,36.6370,289.6896,10,17.0134,19,0
20.0,-118.7657,456.0822,0.4898,0.1000,2043,36.6370,288.8051,10,8.2886,19,0
20.0,-118.1371,261.5318,0.8980,0.1000,2043,36.6370,289.0367,10,0.1918,19,0
21.0,-119.3629,572.8514,0.1020,0.9000,2044,35.8930,312.0856,10,17.3722,20,0
21.0,-118.7657,385.1986,0.4898,0.9000,2044,35.8930,313.2908,10,7.2147,20,0
21.0,-118.1371,282.6064,0.8980,0.9000,2044,35.8930,313.4042,10,0.0874,20,0
21.0,-119.3629,537.0104,0.1020,0.5000,2044,36.2650,301.0298,10,20.7535,20,0
21.0,-118.7657,385.9502,0.4898,0.5000,2044,36.2650,301.4754,10,9.2987,20,0
21.0,-118.1371,239.5939,0.8980,0.5000,2044,36.2650,300.8577,10,0.2376,20,0
21.0,-119.3629,465.6863,0.1020,0.1000,2044,36.6370,289.0975,10,17.8784,20,0
21.0,-118.7657,340.2204,0.4898,0.1000,2044,36.6370,288.5151,10,8.3119,20,0
21.0,-118.1371,257.8384,0.8980,0.1000,2044,36.6370,289.9090,10,0.1920,20,0
22.0,-119.3629,561.4158,0.1020,0.9000,2045,35.8930,312.4830,10,18.2159,21,0
22.0,-118.7657,441.8371,0.4898,0.9000,2045,35.8930,313.1911,10,7.9571,21,0
22.0,-118.1371,221.0991,0.8980,0.9000,2045,35.8930,313.1564,10,0.0874,21,0
22.0,-119.3629,478.0887,0.1020,0.5000,2045,36.2650,301.3150,10,21.7655,21,0
22.0,-118.7657,316.2015,0.4898,0.5000,2045,36.2650,301.1996,10,9.3051,21,0
22.0,-118.1371,297.9096,0.8980,0.5000,2045,36.2650,300.8842,10,0.2397,21,0
22.0,-119.3629,556.9771,0.1020,0.1000,2045,36.6370,289.0876,10,18.7523,21,0
22.0,-118.7657,476.4580,0.4898,0.1000,2045,36.6370,289.2382,10,9.1593,21,0
22.0,-118.1371,323.6948,0.8980,0.1000,2045,36.6370,288.2159,10,0.2005,21,0
23.0,-119.3629,447.3506,0.1020,0.9000,2046,35.8930,313.1423,10,18.9987,22,0
23.0,-118.7657,359.1532,0.4898,0.9000,2046,35.8930,313.2360,10,8.0201,22,0
23.0,-118.1371,283.2795,0.8980,0.9000,2046,35.8930,313.0942,10,0.0881,22,0
23.0,-119.3629,543.3898,0.1020,0.5000,2046,36.2650,301.7920,10,22.7551,22,0
23.0,-118.7657,403.8736,0.4898,0.5000,2046,36.2650,301.5664,10,9.8650,22,0
23.0,-118.1371,307.9606,0.8980,0.5000,2046,36.2650,301.2757,10,0.2437,22,0
23.0,-119.3629,458.9494,0.1020,0.1000,2046,36.6370,289.5101,10,19.6088,22,0
23.0,-118.7657,329.5295,0.4898,0.1000,2046,36.6370,289.0906,10,9.1720,22,0
23.0,-118.1371,345.6352,0.8980,0.1000,2046,36.6370,289.3275,10,0.2322,22,0
24.0,-119.3629,509.0184,0.1020,0.9000,2047,35.8930,312.6905,10,19.8162,23,0
24.0,-118.7657,424.8528,0.4898,0.9000,2047,35.8930,314.0271,10,8.6698,23,0
24.0,-118.1371,270.0883,0.8980,0.9000,2047,35.8930,312.8892,10,0.0885,23,0
24.0,-119.3629,528.8216,0.1020,0.5000,2047,36.2650,301.5891,10,23.7608,23,0
24.0,-118.7657,434.4368,0.4898,0.5000,2047,36.2650,300.3689,10,10.7657,23,0
24.0,-118.1371,352.2674,0.8980,0.5000,2047,36.2650,301.3773,10,0.2967,23,0
24.0,-119.3629,511.4842,0.1020,0.1000,2047,36.6370,289.2850,10,20.5051,23,0
24.0,-118.7657,428.6568,0.4898,0.1000,2047,36.6370,288.9446,10,9.9009,23,0
24.0,-118.1371,319.2184,0.8980,0.1000,2047,36.6370,288.8184,10,0.2391,23,0
25.0,-119.3629,496.3686,0.1020,0.9000,2048,35.8930,313.4540,10,20.6018,24,0
25.0,-118.7657,424.8985,0.4898,0.9000,2048,35.8930,313.0818,10,9.3147,24,0
25.0,-118.1371,321.4730,0.8980,0.9000,2048,35.8930,313.6244,10,0.0954,24,0
25.0,-119.3629,473.1311,0.1020,0.5000,2048,36.2650,301.1542,10,24.7363,24,0
25.0,-118.7657,374.2618,0.4898,0.5000,2048,36.2650,301.1951,10,10.9403,24,0
25.0,-118.1371,335.5938,0.8980,0.5000,2048,36.2650,301.1413,10,0.3173,24,0
25.0,-119.3629,566.0509,0.1020,0.1000,2048,36.6370,289.1845,10,21.3816,24,0
25.0,-118.7657,372.0701,0.4898,0.1000,2048,36.6370,289.2641,10,10.0365,24,0
25.0,-118.1371,243.5978,0.8980,0.1000,2048,36.6370,289.4376,10,0.2392,24,0
26.0,-119.3629,484.3916,0.1020,0.9000,2049,35.8930,313.4115,10,21.4109,25,0
26.0,-118.7657,396.1847,0.4898,0.9000,2049,35.8930,313.8443,10,9.6650,25,0
26.0,-118.1371,262.5769,0.8980,0.9000,2049,35.8930,312.9732,10,0.0956,25,0
26.0,-119.3629,508.6887,0.1020,0.5000,2049,36.2650,300.9178,10,25.7298,25,0
26.0,-118.7657,457.7403,0.4898,0.5000,2049,36.2650,300.6180,10,11.9112,25,0
26.0,-118.1371,370.6749,0.8980,0.5000,2049,36.2650,300.8778,10,0.4636,25,0
26.0,-119.3629,577.5066,0.1020,0.1000,2049,36.6370,289.6357,10,22.2399,25,0
26.0,-118.7657,455.7669,0.4898,0.1000,2049,36.6370,289.4198,10,10.8831,25,0
26.0,-118.1371,236.6064,0.8980,0.1000,2049,36.6370,289.4990,10,0.2392,25,0
27.0,-119.3629,494.0915,0.1020,0.9000,2050,35.8930,313.5363,10,22.2066,26,0
27.0,-118.7657,452.1782,0.4898,0.9000,2050,35.8930,313.0807,10,10.4405,26,0
27.0,-118.1371,296.1136,0.8980,0.9000,2050,35.8930,313.6118,10,0.0972,26,0
27.0,-119.3629,481.6022,0.1020,0.5000,2050,36.2650,300.7837,10,26.7240,26,0
27.0,-118.7657,417.8059,0.4898,0.5000,2050,36.2650,300.9040,10,12.6593,26,0
27.0,-118.1371,271.6911,0.8980,0.5000,2050,36.2650,302.2058,10,0.4641,26,0
27.0,-119.3629,509.7087,0.1020,0.1000,2050,36.6370,289.1240,10,23.1047,26,0
27.0,-118.7657,413.9157,0.4898,0.1000,2050,36.6370,289.5862,10,11.4996,26,0
27.0,-118.1371,290.0639,0.8980,0.1000,2050,36.6370,289.8198,10,0.2404,26,0
28.0,-119.3629,494.9229,0.1020,0.9000,2051,35.8930,313.0706,10,23.0382,27,0
28.0,-118.7657,425.9965,0.4898,0.9000,2051,35.8930,314.1913,10,11.0702,27,0
28.0,-118.1371,244.6146,0.8980,0.9000,2051,35.8930,312.7627,10,0.0972,27,0
28.0,-119.3629,574.5848,0.1020,0.5000,2051,36.2650,301.4625,10,27.7031,27,0
28.0,-118.7657,385.8655,0.4898,0.5000,2051,36.2650,301.1827,10,12.9557,27,0
28.0,-118.1371,298.7947,0.8980,0.5000,2051,36.2650,301.6277,10,0.4664,27,0
28.0,-119.3629,460.0625,0.1020,0.1000,2051,36.6370,288.8067,10,23.9500,27,0
28.0,-118.7657,362.0080,0.4898,0.1000,2051,36.6370,289.1374,10,11.5797,27,0
28.0,-118.1371,275.0069,0.8980,0.1000,2051,36.6370,289.8250,10,0.2409,27,0
29.0,-119.3629,519.4236,0.1020,0.9000,2052,35.8930,314.0337,10,23.8241,28,0
29.0,-118.7657,392.8698,0.4898,0.9000,2052,35.8930,313.6270,10,11.3787,28,0
29.0,-118.1371,251.0398,0.8980,0.9000,2052,35.8930,314.2844,10,0.0973,28,0
29.0,-119.3629,429.8466,0.1020,0.5000,2052,36.2650,301.4550,10,28.5646,28,0
29.0,-118.7657,440.9109,0.4898,0.5000,2052,36.2650,301.3172,10,13.8943,28,0
29.0,-118.1371,312.9079,0.8980,0.5000,2052,36.2650,301.0797,10,0.4718,28,0
29.0,-119.3629,492.3313,0.1020,0.1000,2052,36.6370,289.7447,10,24.8446,28,0
29.0,-118.7657,384.0828,0.4898,0.1000,2052,36.6370,289.9105,10,11.8227,28,0
29.0,-118.1371,285.8928,0.8980,0.1000,2052,36.6370,288.9720,10,0.2418,28,0
30.0,-119.3629,495.6951,0.1020,0.9000,2053,35.8930,313.3933,10,24.6180,29,0
30.0,-118.7657,401.6970,0.4898,0.9000,2053,35.8930,313.4754,10,11.7931,29,0
30.0,-118.1371,256.8714,0.8980,0.9000,2053,35.8930,313.0367,10,0.0975,29,0
30.0,-119.3629,559.9128,0.1020,0.5000,2053,36.2650,301.8136,10,29.5887,29,0
30.0,-118.7657,404.2464,0.4898,0.5000,2053,36.2650,301.4803,10,14.4706,29,0
30.0,-118.1371,280.1196,0.8980,0.5000,2053,36.2650,301.4548,10,0.4725,29,0
30.0,-119.3629,547.4858,0.1020,0.1000,2053,36.6370,289.4033,10,25.7291,29,0
30.0,-118.7657,335.5817,0.4898,0.1000,2053,36.6370,289.3654,10,11.8400,29,0
30.0,-118.1371,261.2973,0.8980,0.1000,2053,36.6370,289.1089,10,0.2421,29,0
31.0,-119.3629,526.4073,0.1020,0.9000,2054,35.8930,314.2779,10,25.3777,30,0
31.0,-118.7657,347.7389,0.4898,0.9000,2054,35.8930,312.9622,10,11.8270,30,0
31.0,-118.1371,267.4021,0.8980,0.9000,2054,35.8930,313.6742,10,0.0978,30,0
31.0,-119.3629,576.0033,0.1020,0.5000,2054,36.2650,301.5111,10,30.5626,30,0
31.0,-118.7657,339.0097,0.4898,0.5000,2054,36.2650,301.6675,10,14.4953,30,0
31.0,-118.1371,234.1818,0.8980,0.5000,2054,36.2650,301.6426,10,0.4726,30,0
31.0,-119.3629,472.0921,0.1020,0.1000,2054,36.6370,290.0748,10,26.6026,30,0
31.0,-118.7657,445.5365,0.4898,0.1000,2054,36.6370,289.8855,10,12.6952,30,0
31.0,-118.1371,321.7695,0.8980,0.1000,2054,36.6370,289.6961,10,0.2502,30,0
32.0,-119.3629,451.7855,0.1020,0.9000,2055,35.8930,313.4119,10,26.1395,31,0
32.0,-118.7657,390.7797,0.4898,0.9000,2055,35.8930,313.3222,10,12.1230,31,0
32.0,-118.1371,339.4367,0.8980,0.9000,2055,35.8930,314.7127,10,0.1167,31,0
32.0,-119.3629,560.2416,0.1020,0.5000,2055,36.2650,301.2097,10,31.5527,31,0
32.0,-118.7657,348.8119,0.4898,0.5000,2055,36.2650,302.2608,10,14.5389,31,0
32.0,-118.1371,283.7766,0.8980,0.5000,2055,36.2650,301.8454,10,0.4735,31,0
32.0,-119.3629,539.4499,0.1020,0.1000,2055,36.6370,289.3269,10,27.4880,31,0
32.0,-118.7657,411.3540,0.4898,0.1000,2055,36.6370,289.3746,10,13.2729,31,0
32.0,-118.1371,348.9874,0.8980,0.1000,2055,36.6370,289.8501,10,0.2902,31,0
33.0,-119.3629,502.9048,0.1020,0.9000,2056,35.8930,313.8245,10,26.9174,32,0
33.0,-118.7657,438.4546,0.4898,0.9000,2056,35.8930,313.3161,10,12.8518,32,0
33.0,-118.1371,294.2636,0.8980,0.9000,2056,35.8930,314.6966,10,0.1180,32,0
33.0,-119.3629,506.9910,0.1020,0.5000,2056,36.2650,301.3498,10,32.5326,32,0
33.0,-118.7657,372.1842,0.4898,0.5000,2056,36.2650,301.7442,10,14.6980,32,0
33.0,-118.1371,326.7944,0.8980,0.5000,2056,36.2650,301.3875,10,0.4860,32,0
33.0,-119.3629,547.5163,0.1020,0.1000,2056,36.6370,289.3072,10,28.3573,32,0
33.0,-118.7657,378.3326,0.4898,0.1000,2056,36.6370,289.2365,10,13.4565,32,0
33.0,-118.1371,324.1558,0.8980,0.1000,2056,36.6370,289.5216,10,0.2996,32,0
34.0,-119.3629,529.5476,0.1020,0.9000,2057,35.8930,313.6341,10,27.7112,33,0
34.0,-118.7657,461.3742,0.4898,0.9000,2057,35.8930,313.3444,10,13.6058,33,0
34.0,-118.1371,302.9819,0.8980,0.9000,2057,35.8930,313.1724,10,0.1204,33,0
34.0,-119.3629,494.4442,0.1020,0.5000,2057,36.2650,302.1844,10,33.5203,33,0
34.0,-118.7657,356.3852,0.4898,0.5000,2057,36.2650,301.4364,10,14.7654,33,0
34.0,-118.1371,202.3763,0.8980,0.5000,2057,36.2650,301.7161,10,0.4860,33,0
34.0,-119.3629,497.4848,0.1020,0.1000,2057,36.6370,290.0395,10,29.2484,33,0
34.0,-118.7657,428.5660,0.4898,0.1000,2057,36.6370,289.6377,10,14.1983,33,0
34.0,-118.1371,270.3106,0.8980,0.1000,2057,36.6370,289.7972,10,0.2999,33,0
35.0,-119.3629,458.3007,0.1020,0.9000,2058,35.8930,313.7363,10,28.5007,34,0
35.0,-118.7657,425.6333,0.4898,0.9000,2058,35.8930,313.4795,10,14.2602,34,0
35.0,-118.1371,356.9233,0.8980,0.9000,2058,35.8930,314.2198,10,0.1767,34,0
35.0,-119.3629,503.5882,0.1020,0.5000,2058,36.2650,301.2195,10,34.5053,34,0
35.0,-118.7657,388.9216,0.4898,0.5000,2058,36.2650,301.7992,10,15.1100,34,0
35.0,-118.1371,359.8267,0.8980,0.5000,2058,36.2650,302.4902,10,0.5670,34,0
35.0,-119.3629,595.1432,0.1020,0.1000,2058,36.6370,289.9670,10,30.1399,34,0
35.0,-118.7657,339.9507,0.4898,0.1000,2058,36.6370,289.6029,10,14.2217,34,0
35.0,-118.1371,368.3669,0.8980,0.1000,2058,36.6370,289.4430,10,0.4164,34,0
36.0,-119.3629,563.5559,0.1020,0.9000,2059,35.8930,313.8674,10,29.2929,35,0
36.0,-118.7657,350.8950,0.4898,0.9000,2059,35.8930,314.0495,10,14.2999,35,0
36.0,-118.1371,333.6744,0.8980,0.9000,2059,35.8930,313.8348,10,0.1913,35,0
36.0,-119.3629,488.1893,0.1020,0.5000,2059,36.2650,301.7190,10,35.5082,35,0
36.0,-118.7657,404.7250,0.4898,0.5000,2059,36.2650,301.8904,10,15.6857,35,0
36.0,-118.1371,209.6686,0.8980,0.5000,2059,36.2650,301.5052,10,0.5670,35,0
36.0,-119.3629,583.6426,0.1020,0.1000,2059,36.6370,289.4502,10,31.0499,35,0
36.0,-118.7657,368.5410,0.4898,0.1000,2059,36.6370,289.5882,10,14.3350,35,0
36.0,-118.1371,269.3896,0.8980,0.1000,2059,36.6370,290.3509,10,0.4167,35,0
37.0,-119.3629,522.9472,0.1020,0.9000,2060,35.8930,313.8376,10,30.0608,36,0
37.0,-118.7657,397.7248,0.4898,0.9000,2060,35.8930,313.5786,10,14.6781,36,0
37.0,-118.1371,334.7403,0.8980,0.9000,2060,35.8930,314.3090,10,0.2063,36,0
37.0,-119.3629,507.4423,0.1020,0.5000,2060,36.2650,301.7362,10,36.5047,36,0
37.0,-118.7657,371.6552,0.4898,0.5000,2060,36.2650,301.2105,10,15.8399,36,0
37.0,-118.1371,249.6447,0.8980,0.5000,2060,36.2650,302.9305,10,0.5671,36,0
37.0,-119.3629,494.4380,0.1020,0.1000,2060,36.6370,289.3173,10,31.9067,36,0
37.0,-118.7657,479.6916,0.4898,0.1000,2060,36.6370,290.1021,10,15.2208,36,0
37.0,-118.1371,282.9076,0.8980,0.1000,2060,36.6370,290.2429,10,0.4175,36,0
38.0,-119.3629,559.2046,0.1020,0.9000,2061,35.8930,313.9631,10,30.8334,37,0
38.0,-118.7657,404.4731,0.4898,0.9000,2061,35.8930,314.2679,10,15.1191,37,0
38.0,-118.1371,264.3637,0.8980,0.9000,2061,35.8930,314.1065,10,0.2065,37,0
38.0,-119.3629,449.1598,0.1020,0.5000,2061,36.2650,301.8855,10,37.4546,37,0
38.0,-118.7657,375.7067,0.4898,0.5000,2061,36.2650,301.2098,10,16.0333,37,0
38.0,-118.1371,271.8517,0.8980,0.5000,2061,36.2650,301.8478,10,0.5676,37,0
38.0,-119.3629,458.7673,0.1020,0.1000,2061,36.6370,289.3141,10,32.7380,37,0
38.0,-118.7657,391.3176,0.4898,0.1000,2061,36.6370,289.9614,10,15.5477,37,0
38.0,-118.1371,254.7975,0.8980,0.1000,2061,36.6370,289.6291,10,0.4177,37,0
39.0,-119.3629,500.8961,0.1020,0.9000,2062,35.8930,313.6680,10,31.6095,38,0
39.0,-118.7657,335.1977,0.4898,0.9000,2062,35.8930,314.1396,10,15.1348,38,0
39.0,-118.1371,261.2882,0.8980,0.9000,2062,35.8930,314.4041,10,0.2067,38,0
39.0,-119.3629,513.8043,0.1020,0.5000,2062,36.2650,301.2379,10,38.4340,38,0
39.0,-118.7657,485.2760,0.4898,0.5000,2062,36.2650,302.6780,10,17.0544,38,0
39.0,-118.1371,260.8851,0.8980,0.5000,2062,36.2650,302.0813,10,0.5678,38,0
39.0,-119.3629,529.9640,0.1020,0.1000,2062,36.6370,289.5605,10,33.5895,38,0
39.0,-118.7657,416.7298,0.4898,0.1000,2062,36.6370,290.3221,10,16.2067,38,0
39.0,-118.1371,277.0854,0.8980,0.1000,2062,36.6370,289.6809,10,0.4182,38,0
40.0,-119.3629,511.4563,0.1020,0.9000,2063,35.8930,313.7666,10,32.3882,39,0
40.0,-118.7657,448.4463,0.4898,0.9000,2063,35.8930,314.2627,10,15.8731,39,0
40.0,-118.1371,272.7358,0.8980,0.9000,2063,35.8930,314.0223,10,0.2071,39,0
40.0,-119.3629,486.5396,0.1020,0.5000,2063,36.2650,301.1213,10,39.4083,39,0
40.0,-118.7657,421.5498,0.4898,0.5000,2063,36.2650,301.8092,10,17.8208,39,0
40.0,-118.1371,313.5330,0.8980,0.5000,2063,36.2650,302.1070,10,0.5734,39,0
40.0,-119.3629,538.8098,0.1020,0.1000,2063,36.6370,290.1536,10,34.4876,39,0
40.0,-118.7657,419.5347,0.4898,0.1000,2063,36.6370,290.1938,10,16.8878,39,0
40.0,-118.1371,303.0589,0.8980,0.1000,2063,36.6370,289.9715,10,0.4209,39,0
41.0,-119.3629,512.9329,0.1020,0.9000,2064,35.8930,314.1688,10,33.1424,40,0
41.0,-118.7657,332.5060,0.4898,0.9000,2064,35.8930,314.1354,10,15.8859,40,0
41.0,-118.1371,273.8142,0.8980,0.9000,2064,35.8930,313.9372,10,0.2075,40,0
41.0,-119.3629,521.0593,0.1020,0.5000,2064,36.2650,301.4847,10,40.4004,40,0
41.0,-118.7657,418.0327,0.4898,0.5000,2064,36.2650,302.1226,10,18.5707,40,0
41.0,-118.1371,349.3556,0.8980,0.5000,2064,36.2650,302.2875,10,0.6191,40,0
41.0,-119.3629,438.9928,0.1020,0.1000,2064,36.6370,290.2475,10,35.3101,40,0
41.0,-118.7657,453.7235,0.4898,0.1000,2064,36.6370,290.2072,10,17.7502,40,0
41.0,-118.1371,212.7826,0.8980,0.1000,2064,36.6370,290.3277,10,0.4209,40,0
42.0,-119.3629,485.6049,0.1020,0.9000,2065,35.8930,314.1096,10,33.9194,41,0
42.0,-118.7657,409.1236,0.4898,0.9000,2065,35.8930,313.5332,10,16.3998,41,0
42.0,-118.1371,303.3571,0.8980,0.9000,2065,35.8930,314.1963,10,0.2099,41,0
42.0,-119.3629,502.0946,0.1020,0.5000,2065,36.2650,301.6783,10,41.3812,41,0
42.0,-118.7657,395.7558,0.4898,0.5000,2065,36.2650,301.7939,10,19.0002,41,0
42.0,-118.1371,310.5733,0.8980,0.5000,2065,36.2650,301.7652,10,0.6237,41,0
42.0,-119.3629,546.6874,0.1020,0.1000,2065,36.6370,289.3753,10,36.1715,41,0
42.0,-118.7657,385.8698,0.4898,0.1000,2065,36.6370,290.0622,10,18.0156,41,0
42.0,-118.1371,280.7016,0.8980,0.1000,2065,36.6370,289.8019,10,0.4216,41,0
43.0,-119.3629,514.6618,0.1020,0.9000,2066,35.8930,314.6381,10,34.6653,42,0
43.0,-118.7657,444.8252,0.4898,0.9000,2066,35.8930,314.9368,10,17.1131,42,0
43.0,-118.1371,276.2810,0.8980,0.9000,2066,35.8930,314.7524,10,0.2104,42,0
43.0,-119.3629,577.4157,0.1020,0.5000,2066,36.2650,302.0312,10,42.3749,42,0
43.0,-118.7657,353.1193,0.4898,0.5000,2066,36.2650,302.3286,10,19.0561,42,0
43.0,-118.1371,154.9227,0.8980,0.5000,2066,36.2650,302.8754,10,0.6237,42,0
43.0,-119.3629,507.2844,0.1020,0.1000,2066,36.6370,290.4440,10,37.0823,42,0
43.0,-118.7657,426.7829,0.4898,0.1000,2066,36.6370,289.4875,10,18.7362,42,0
43.0,-118.1371,244.9317,0.8980,0.1000,2066,36.6370,290.3484,10,0.4217,42,0
44.0,-119.3629,536.8740,0.1020,0.9000,2067,35.8930,313.7532,10,35.4742,43,0
44.0,-118.7657,469.7929,0.4898,0.9000,2067,35.8930,313.8972,10,17.8895,43,0
44.0,-118.1371,362.0959,0.8980,0.9000,2067,35.8930,313.9202,10,0.2841,43,0
44.0,-119.3629,563.8760,0.1020,0.5000,2067,36.2650,302.3835,10,43.3680,43,0
44.0,-118.7657,451.7961,0.4898,0.5000,2067,36.2650,301.5330,10,19.9929,43,0
44.0,-118.1371,305.9799,0.8980,0.5000,2067,36.2650,302.4923,10,0.6272,43,0
44.0,-119.3629,457.7602,0.1020,0.1000,2067,36.6370,290.4166,10,37.9428,43,0
44.0,-118.7657,392.6954,0.4898,0.1000,2067,36.6370,290.4768,10,19.0947,43,0
44.0,-118.1371,247.2617,0.8980,0.1000,2067,36.6370,290.6252,10,0.4218,43,0
45.0,-119.3629,464.5646,0.1020,0.9000,2068,35.8930,314.5494,10,36.2123,44,0
45.0,-118.7657,394.1926,0.4898,0.9000,2068,35.8930,314.3656,10,18.2112,44,0
45.0,-118.1371,265.3962,0.8980,0.9000,2068,35.8930,314.1966,10,0.2844,44,0
45.0,-119.3629,506.5463,0.1020,0.5000,2068,36.2650,302.2363,10,44.3675,44,0
45.0,-118.7657,426.6252,0.4898,0.5000,2068,36.2650,302.7144,10,20.8147,44,0
45.0,-118.1371,262.7393,0.8980,0.5000,2068,36.2650,301.8755,10,0.6275,44,0
45.0,-119.3629,523.7261,0.1020,0.1000,2068,36.6370,290.8838,10,38.8452,44,0
45.0,-118.7657,356.3119,0.4898,0.1000,2068,36.6370,290.5644,10,19.1559,44,0
45.0,-118.1371,264.6466,0.8980,0.1000,2068,36.6370,289.5363,10,0.4220,44,0
46.0,-119.3629,483.0589,0.1020,0.9000,2069,35.8930,314.3597,10,36.9910,45,0
46.0,-118.7657,336.4403,0.4898,0.9000,2069,35.8930,313.8989,10,18.2285,45,0
46.0,-118.1371,316.4580,0.8980,0.9000,2069,35.8930,314.1118,10,0.2895,45,0
46.0,-119.3629,556.3923,0.1020,0.5000,2069,36.2650,302.2301,10,45.3704,45,0
46.0,-118.7657,412.3553,0.4898,0.5000,2069,36.2650,302.1501,10,21.5023,45,0
46.0,-118.1371,309.9025,0.8980,0.5000,2069,36.2650,302.7338,10,0.6320,45,0
46.0,-119.3629,471.8591,0.1020,0.1000,2069,36.6370,290.1759,10,39.7360,45,0
46.0,-118.7657,385.8864,0.4898,0.1000,2069,36.6370,290.5613,10,19.4327,45,0
46.0,-118.1371,243.3366,0.8980,0.1000,2069,36.6370,290.2825,10,0.4221,45,0
47.0,-119.3629,557.6699,0.1020,0.9000,2070,35.8930,314.6084,10,37.7521,46,0
47.0,-118.7657,391.6473,0.4898,0.9000,2070,35.8930,314.4252,10,18.5107,46,0
47.0,-118.1371,300.9722,0.8980,0.9000,2070,35.8930,314.1202,10,0.2915,46,0
47.0,-119.3629,479.1404,0.1020,0.5000,2070,36.2650,302.1819,10,46.3783,46,0
47.0,-118.7657,356.5244,0.4898,0.5000,2070,36.2650,302.5428,10,21.5720,46,0
47.0,-118.1371,227.4492,0.8980,0.5000,2070,36.2650,302.1842,10,0.6320,46,0
47.0,-119.3629,562.7531,0.1020,0.1000,2070,36.6370,290.7225,10,40.6395,46,0
47.0,-118.7657,368.1064,0.4898,0.1000,2070,36.6370,290.2261,10,19.5457,46,0
47.0,-118.1371,303.8229,0.8980,0.1000,2070,36.6370,290.4737,10,0.4249,46,0
48.0,-119.3629,557.9722,0.1020,0.9000,2071,35.8930,313.8988,10,38.5058,47,0
48.0,-118.7657,404.7860,0.4898,0.9000,2071,35.8930,314.5086,10,18.9383,47,0
48.0,-118.1371,303.0621,0.8980,0.9000,2071,35.8930,314.1715,10,0.2937,47,0
48.0,-119.3629,549.2110,0.1020,0.5000,2071,36.2650,302.5421,10,47.3766,47,0
48.0,-118.7657,345.7469,0.4898,0.5000,2071,36.2650,302.1041,10,21.6091,47,0
48.0,-118.1371,343.2642,0.8980,0.5000,2071,36.2650,302.0670,10,0.6632,47,0
48.0,-119.3629,529.1834,0.1020,0.1000,2071,36.6370,290.0028,10,41.5126,47,0
48.0,-118.7657,406.9348,0.4898,0.1000,2071,36.6370,290.7949,10,20.0996,47,0
48.0,-118.1371,309.9990,0.8980,0.1000,2071,36.6370,290.6113,10,0.4289,47,0
49.0,-119.3629,556.0935,0.1020,0.9000,2072,35.8930,314.4860,10,39.2834,48,0
49.0,-118.7657,414.5055,0.4898,0.9000,2072,35.8930,314.6416,10,19.4672,48,0
49.0,-118.1371,230.2966,0.8980,0.9000,2072,35.8930,314.4413,10,0.2938,48,0
49.0,-119.3629,569.1410,0.1020,0.5000,2072,36.2650,302.1711,10,48.3870,48,0
49.0,-118.7657,401.8010,0.4898,0.5000,2072,36.2650,302.9097,10,22.1286,48,0
49.0,-118.1371,262.6103,0.8980,0.5000,2072,36.2650,303.4441,10,0.6634,48,0
49.0,-119.3629,457.6453,0.1020,0.1000,2072,36.6370,289.4871,10,42.3790,48,0
49.0,-118.7657,445.9751,0.4898,0.1000,2072,36.6370,290.1962,10,20.9232,48,0
49.0,-118.1371,210.1275,0.8980,0.1000,2072,36.6370,289.9387,10,0.4289,48,0
50.0,-119.3629,487.9365,0.1020,0.9000,2073,35.8930,314.6947,10,40.0305,49,0
50.0,-118.7657,352.5215,0.4898,0.9000,2073,35.8930,314.8085,10,19.5085,49,0
50.0,-118.1371,236.6918,0.8980,0.9000,2073,35.8930,314.2612,10,0.2938,49,0
50.0,-119.3629,497.8730,0.1020,0.5000,2073,36.2650,302.6887,10,49.3892,49,0
50.0,-118.7657,422.1161,0.4898,0.5000,2073,36.2650,301.8262,10,22.9026,49,0
50.0,-118.1371,229.5798,0.8980,0.5000,2073,36.2650,302.9918,10,0.6635,49,0
50.0,-119.3629,424.0951,0.1020,0.1000,2073,36.6370,290.2269,10,43.0862,49,0
50.0,-118.7657,381.2690,0.4898,0.1000,2073,36.6370,290.1621,10,21.1409,49,0
50.0,-118.1371,264.2731,0.8980,0.1000,2073,36.6370,290.1032,10,0.4292,49,0
51.0,-119.3629,600.7256,0.1020,0.9000,2074,35.8930,313.7757,10,40.8030,50,0
51.0,-118.7657,417.0107,0.4898,0.9000,2074,35.8930,313.7045,10,20.1026,50,0
51.0,-118.1371,278.9235,0.8980,0.9000,2074,35.8930,314.5492,10,0.2943,50,0
51.0,-119.3629,552.6051,0.1020,0.5000,2074,36.2650,302.1638,10,50.3742,50,0
51.0,-118.7657,387.2294,0.4898,0.5000,2074,36.2650,302.2174,10,23.2170,50,0
51.0,-118.1371,241.9721,0.8980,0.5000,2074,36.2650,302.9242,10,0.6635,50,0
51.0,-119.3629,597.1135,0.1020,0.1000,2074,36.6370,290.3014,10,44.0053,50,0
51.0,-118.7657,428.3625,0.4898,0.1000,2074,36.6370,290.9243,10,21.8965,50,0
51.0,-118.1371,282.6632,0.8980,0.1000,2074,36.6370,291.4463,10,0.4300,50,0
52.0,-119.3629,550.2338,0.1020,0.9000,2075,35.8930,313.9414,10,41.5625,51,0
52.0,-118.7657,376.2100,0.4898,0.9000,2075,35.8930,314.1978,10,20.2530,51,0
52.0,-118.1371,273.2060,0.8980,0.9000,2075,35.8930,314.6581,10,0.2947,51,0
52.0,-119.3629,556.2732,0.1020,0.5000,2075,36.2650,302.0843,10,51.3590,51,0
52.0,-118.7657,408.3123,0.4898,0.5000,2075,36.2650,302.5140,10,23.8206,51,0
52.0,-118.1371,241.7866,0.8980,0.5000,2075,36.2650,303.0457,10,0.6636,51,0
52.0,-119.3629,523.3492,0.1020,0.1000,2075,36.6370,290.1063,10,44.9219,51,0
52.0,-118.7657,385.5568,0.4898,0.1000,2075,36.6370,290.2283,10,22.1581,51,0
52.0,-118.1371,234.5303,0.8980,0.1000,2075,36.6370,290.1836,10,0.4300,51,0
53.0,-119.3629,551.2394,0.1020,0.9000,2076,35.8930,314.3609,10,42.3497,52,0
53.0,-118.7657,339.8216,0.4898,0.9000,2076,35.8930,314.4669,10,20.2734,52,0
53.0,-118.1371,308.4028,0.8980,0.9000,2076,35.8930,314.4618,10,0.2978,52,0
53.0,-119.3629,534.3224,0.1020,0.5000,2076,36.2650,302.7068,10,52.3289,52,0
53.0,-118.7657,384.0632,0.4898,0.5000,2076,36.2650,301.9593,10,24.0896,52,0
53.0,-118.1371,218.2473,0.8980,0.5000,2076,36.2650,301.9681,10,0.6636,52,0
53.0,-119.3629,543.6956,0.1020,0.1000,2076,36.6370,290.6788,10,45.8213,52,0
53.0,-118.7657,413.2807,0.4898,0.1000,2076,36.6370,290.1450,10,22.7759,52,0
53.0,-118.1371,274.8624,0.8980,0.1000,2076,36.6370,291.5600,10,0.4305,52,0
54.0,-119.3629,592.6047,0.1020,0.9000,2077,35.8930,314.6033,10,43.1079,53,0
54.0,-118.7657,328.8227,0.4898,0.9000,2077,35.8930,314.6274,10,20.2841,53,0
54.0,-118.1371,276.8578,0.8980,0.9000,2077,35.8930,314.3655,10,0.2983,53,0
54.0,-119.3629,559.6229,0.1020,0.5000,2077,36.2650,302.3463,10,53.3389,53,0
54.0,-118.7657,383.3224,0.4898,0.5000,2077,36.2650,302.0867,10,24.3546,53,0
54.0,-118.1371,302.6195,0.8980,0.5000,2077,36.2650,303.1208,10,0.6665,53,0
54.0,-119.3629,572.2117,0.1020,0.1000,2077,36.6370,290.9378,10,46.7167,53,0
54.0,-118.7657,487.8373,0.4898,0.1000,2077,36.6370,290.9007,10,23.6831,53,0
54.0,-118.1371,289.9336,0.8980,0.1000,2077,36.6370,290.9002,10,0.4318,53,0
55.0,-119.3629,526.5225,0.1020,0.9000,2078,35.8930,315.4850,10,43.8636,54,0
55.0,-118.7657,445.2593,0.4898,0.9000,2078,35.8930,314.6199,10,21.0054,54,0
55.0,-118.1371,254.0512,0.8980,0.9000,2078,35.8930,314.7467,10,0.2984,54,0
55.0,-119.3629,578.4910,0.1020,0.5000,2078,36.2650,302.8182,10,54.3219,54,0
55.0,-118.7657,324.5275,0.4898,0.5000,2078,36.2650,302.7454,10,24.3654,54,0
55.0,-118.1371,292.0508,0.8980,0.5000,2078,36.2650,303.3615,10,0.6680,54,0
55.0,-119.3629,503.6502,0.1020,0.1000,2078,36.6370,290.5301,10,47.6090,54,0
55.0,-118.7657,406.6047,0.4898,0.1000,2078,36.6370,290.5596,10,24.2149,54,0
55.0,-118.1371,287.2136,0.8980,0.1000,2078,36.6370,290.9443,10,0.4328,54,0
56.0,-119.3629,452.8301,0.1020,0.9000,2079,35.8930,314.8865,10,44.5748,55,0
56.0,-118.7657,386.8277,0.4898,0.9000,2079,35.8930,314.5428,10,21.2457,55,0
56.0,-118.1371,295.8353,0.8980,0.9000,2079,35.8930,315.2485,10,0.2998,55,0
56.0,-119.3629,507.2593,0.1020,0.5000,2079,36.2650,302.8006,10,55.3113,55,0
56.0,-118.7657,406.4598,0.4898,0.5000,2079,36.2650,302.7087,10,24.9595,55,0
56.0,-118.1371,283.4548,0.8980,0.5000,2079,36.2650,303.4301,10,0.6689,55,0
56.0,-119.3629,499.0965,0.1020,0.1000,2079,36.6370,291.1857,10,48.5040,55,0
56.0,-118.7657,398.5775,0.4898,0.1000,2079,36.6370,290.4215,10,24.6412,55,0
56.0,-118.1371,312.8649,0.8980,0.1000,2079,36.6370,290.6191,10,0.4378,55,0
57.0,-119.3629,471.5363,0.1020,0.9000,2080,35.8930,314.5660,10,45.3541,56,0
57.0,-118.7657,341.5685,0.4898,0.9000,2080,35.8930,314.5087,10,21.2681,56,0
57.0,-118.1371,250.7266,0.8980,0.9000,2080,35.8930,314.6428,10,0.2999,56,0
57.0,-119.3629,543.0764,0.1020,0.5000,2080,36.2650,303.2854,10,56.3246,56,0
57.0,-118.7657,325.8129,0.4898,0.5000,2080,36.2650,302.8432,10,24.9709,56,0
57.0,-118.1371,262.4881,0.8980,0.5000,2080,36.2650,302.3165,10,0.6692,56,0
57.0,-119.3629,536.4933,0.1020,0.1000,2080,36.6370,290.9150,10,49.4244,56,0
57.0,-118.7657,378.7402,0.4898,0.1000,2080,36.6370,290.7779,10,24.8393,56,0
57.0,-118.1371,269.0665,0.8980,0.1000,2080,36.6370,290.3312,10,0.4381,56,0
58.0,-119.3629,521.1424,0.1020,0.9000,2081,35.8930,315.2035,10,46.1052,57,0
58.0,-118.7657,414.7381,0.4898,0.9000,2081,35.8930,315.5066,10,21.7659,57,0
58.0,-118.1371,234.1363,0.8980,0.9000,2081,35.8930,314.7915,10,0.3000,57,0
58.0,-119.3629,545.1259,0.1020,0.5000,2081,36.2650,302.8344,10,57.2946,57,0
58.0,-118.7657,381.6662,0.4898,0.5000,2081,36.2650,302.5380,10,25.2302,57,0
58.0,-118.1371,292.9869,0.8980,0.5000,2081,36.2650,302.1068,10,0.6708,57,0
58.0,-119.3629,533.0724,0.1020,0.1000,2081,36.6370,290.6010,10,50.3265,57,0
58.0,-118.7657,403.8457,0.4898,0.1000,2081,36.6370,291.0426,10,25.3542,57,0
58.0,-118.1371,273.6648,0.8980,0.1000,2081,36.6370,290.8375,10,0.4386,57,0
59.0,-119.3629,592.5818,0.1020,0.9000,2082,35.8930,315.3498,10,46.8555,58,0
59.0,-118.7657,414.1020,0.4898,0.9000,2082,35.8930,315.2071,10,22.2773,58,0
59.0,-118.1371,267.2750,0.8980,0.9000,2082,35.8930,314.9756,10,0.3002,58,0
59.0,-119.3629,469.9527,0.1020,0.5000,2082,36.2650,302.6327,10,58.2414,58,0
59.0,-118.7657,352.3824,0.4898,0.5000,2082,36.2650,302.7203,10,25.2846,58,0
59.0,-118.1371,265.8180,0.8980,0.5000,2082,36.2650,302.0971,10,0.6711,58,0
59.0,-119.3629,469.3838,0.1020,0.1000,2082,36.6370,291.3763,10,51.2531,58,0
59.0,-118.7657,399.0246,0.4898,0.1000,2082,36.6370,290.6795,10,25.7994,58,0
59.0,-118.1371,326.1766,0.8980,0.1000,2082,36.6370,291.3580,10,0.4495,58,0
60.0,-119.3629,524.2938,0.1020,0.9000,2083,35.8930,315.2471,10,47.5863,59,0
60.0,-118.7657,363.4335,0.4898,0.9000,2083,35.8930,314.4668,10,22.3529,59,0
60.0,-118.1371,282.1682,0.8980,0.9000,2083,35.8930,316.0390,10,0.3008,59,0
60.0,-119.3629,589.1554,0.1020,0.5000,2083,36.2650,303.8231,10,59.2375,59,0
60.0,-118.7657,391.5936,0.4898,0.5000,2083,36.2650,303.2121,10,25.6558,59,0
60.0,-118.1371,308.6591,0.8980,0.5000,2083,36.2650,302.6102,10,0.6752,59,0
60.0,-119.3629,520.5053,0.1020,0.1000,2083,36.6370,290.6906,10,52.1493,59,0
60.0,-118.7657,409.2811,0.4898,0.1000,2083,36.6370,290.8552,10,26.3722,59,0
60.0,-118.1371,271.5601,0.8980,0.1000,2083,36.6370,291.0152,10,0.4499,59,0
61.0,-119.3629,427.1364,0.1020,0.9000,2084,35.8930,315.0246,10,48.2211,60,0
61.0,-118.7657,420.4224,0.4898,0.9000,2084,35.8930,314.9160,10,22.9340,60,0
61.0,-118.1371,287.3447,0.8980,0.9000,2084,35.8930,315.0600,10,0.3017,60,0
61.0,-119.3629,548.2817,0.1020,0.5000,2084,36.2650,303.5523,10,60.1950,60,0
61.0,-118.7657,421.6766,0.4898,0.5000,2084,36.2650,303.7168,10,26.4202,60,0
61.0,-118.1371,150.0000,0.8980,0.5000,2084,36.2650,302.2387,10,0.6752,60,0
61.0,-119.3629,540.8968,0.1020,0.1000,2084,36.6370,291.5051,10,53.0566,60,0
61.0,-118.7657,361.1553,0.4898,0.1000,2084,36.6370,290.8970,10,26.4527,60,0
61.0,-118.1371,322.2615,0.8980,0.1000,2084,36.6370,290.1405,10,0.4584,60,0
62.0,-119.3629,543.0860,0.1020,0.9000,2085,35.8930,314.7463,10,48.9667,61,0
62.0,-118.7657,322.6666,0.4898,0.9000,2085,35.8930,315.4305,10,22.9410,61,0
62.0,-118.1371,302.3916,0.8980,0.9000,2085,35.8930,314.5709,10,0.3039,61,0
62.0,-119.3629,532.4940,0.1020,0.5000,2085,36.2650,303.0649,10,61.2014,61,0
62.0,-118.7657,378.9055,0.4898,0.5000,2085,36.2650,302.6702,10,26.6383,61,0
62.0,-118.1371,269.3859,0.8980,0.5000,2085,36.2650,302.8687,10,0.6756,61,0
62.0,-119.3629,584.6194,0.1020,0.1000,2085,36.6370,291.6699,10,53.9694,61,0
62.0,-118.7657,409.2019,0.4898,0.1000,2085,36.6370,291.3888,10,27.0497,61,0
62.0,-118.1371,263.5565,0.8980,0.1000,2085,36.6370,290.0999,10,0.4587,61,0
63.0,-119.3629,473.0575,0.1020,0.9000,2086,35.8930,315.0152,10,49.7074,62,0
63.0,-118.7657,453.7298,0.4898,0.9000,2086,35.8930,315.8209,10,23.6392,62,0
63.0,-118.1371,243.3253,0.8980,0.9000,2086,35.8930,315.0011,10,0.3039,62,0
63.0,-119.3629,505.9970,0.1020,0.5000,2086,36.2650,303.0669,10,62.1664,62,0
63.0,-118.7657,441.2596,0.4898,0.5000,2086,36.2650,303.0857,10,27.5677,62,0
63.0,-118.1371,295.1629,0.8980,0.5000,2086,36.2650,302.9713,10,0.6775,62,0
63.0,-119.3629,556.8525,0.1020,0.1000,2086,36.6370,290.4865,10,54.8661,62,0
63.0,-118.7657,425.5069,0.4898,0.1000,2086,36.6370,290.3706,10,27.7720,62,0
63.0,-118.1371,198.6132,0.8980,0.1000,2086,36.6370,290.6477,10,0.4587,62,0
64.0,-119.3629,552.7753,0.1020,0.9000,2087,35.8930,314.8905,10,50.4673,63,0
64.0,-118.7657,398.2332,0.4898,0.9000,2087,35.8930,314.2297,10,23.9988,63,0
64.0,-118.1371,263.6821,0.8980,0.9000,2087,35.8930,315.5615,10,0.3041,63,0
64.0,-119.3629,539.2610,0.1020,0.5000,2087,36.2650,303.5984,10,63.1621,63,0
64.0,-118.7657,375.8598,0.4898,0.5000,2087,36.2650,303.4736,10,27.7547,63,0
64.0,-118.1371,321.8619,0.8980,0.5000,2087,36.2650,303.2246,10,0.6869,63,0
64.0,-119.3629,583.0977,0.1020,0.1000,2087,36.6370,291.1018,10,55.8079,63,0
64.0,-118.7657,396.5647,0.4898,0.1000,2087,36.6370,290.5148,10,28.1791,63,0
64.0,-118.1371,333.3684,0.8980,0.1000,2087,36.6370,291.4661,10,0.4756,63,0
65.0,-119.3629,454.6738,0.1020,0.9000,2088,35.8930,315.2474,10,51.1745,64,0
65.0,-118.7657,418.4387,0.4898,0.9000,2088,35.8930,315.5668,10,24.5519,64,0
65.0,-118.1371,311.4210,0.8980,0.9000,2088,35.8930,315.7344,10,0.3077,64,0
65.0,-119.3629,533.0901,0.1020,0.5000,2088,36.2650,304.1273,10,64.1378,64,0
65.0,-118.7657,424.0284,0.4898,0.5000,2088,36.2650,303.1812,10,28.5611,64,0
65.0,-118.1371,250.2403,0.8980,0.5000,2088,36.2650,302.8676,10,0.6870,64,0
65.0,-119.3629,495.9473,0.1020,0.1000,2088,36.6370,290.9378,10,56.6975,64,0
65.0,-118.7657,446.6296,0.4898,0.1000,2088,36.6370,291.3770,10,29.0491,64,0
65.0,-118.1371,300.9572,0.8980,0.1000,2088,36.6370,291.6487,10,0.4780,64,0
66.0,-119.3629,571.2719,0.1020,0.9000,2089,35.8930,315.1619,10,51.8904,65,0
66.0,-118.7657,366.4239,0.4898,0.9000,2089,35.8930,315.1712,10,24.6394,65,0
66.0,-118.1371,284.8815,0.8980,0.9000,2089,35.8930,314.9783,10,0.3085,65,0
66.0,-119.3629,481.6030,0.1020,0.5000,2089,36.2650,303.5652,10,65.0991,65,0
66.0,-118.7657,421.8406,0.4898,0.5000,2089,36.2650,303.8851,10,29.3505,65,0
66.0,-118.1371,327.5365,0.8980,0.5000,2089,36.2650,303.8141,10,0.6997,65,0
66.0,-119.3629,537.5123,0.1020,0.1000,2089,36.6370,291.1104,10,57.6117,65,0
66.0,-118.7657,387.7513,0.4898,0.1000,2089,36.6370,291.2386,10,29.3478,65,0
66.0,-118.1371,274.4890,0.8980,0.1000,2089,36.6370,291.6117,10,0.4785,65,0
67.0,-119.3629,566.3620,0.1020,0.9000,2090,35.8930,314.9526,10,52.6496,66,0
67.0,-118.7657,421.9115,0.4898,0.9000,2090,35.8930,314.5562,10,25.2393,66,0
67.0,-118.1371,349.3368,0.8980,0.9000,2090,35.8930,315.8912,10,0.3405,66,0
67.0,-119.3629,504.7273,0.1020,0.5000,2090,36.2650,304.0152,10,66.0661,66,0
67.0,-118.7657,379.2949,0.4898,0.5000,2090,36.2650,304.1487,10,29.5689,66,0
67.0,-118.1371,347.5281,0.8980,0.5000,2090,36.2650,303.0485,10,0.7409,66,0
67.0,-119.3629,537.3264,0.1020,0.1000,2090,36.6370,291.2441,10,58.5302,66,0
67.0,-118.7657,451.4080,0.4898,0.1000,2090,36.6370,291.7270,10,30.2489,66,0
67.0,-118.1371,328.9785,0.8980,0.1000,2090,36.6370,291.6350,10,0.4916,66,0
68.0,-119.3629,538.8756,0.1020,0.9000,2091,35.8930,315.1140,10,53.3948,67,0
68.0,-118.7657,352.3829,0.4898,0.9000,2091,35.8930,315.8898,10,25.2791,67,0
68.0,-118.1371,315.0051,0.8980,0.9000,2091,35.8930,315.9038,10,0.3448,67,0
68.0,-119.3629,555.5177,0.1020,0.5000,2091,36.2650,303.4953,10,67.0613,67,0
68.0,-118.7657,380.4205,0.4898,0.5000,2091,36.2650,303.2868,10,29.8007,67,0
68.0,-118.1371,253.9531,0.8980,0.5000,2091,36.2650,303.3150,10,0.7411,67,0
68.0,-119.3629,543.3280,0.1020,0.1000,2091,36.6370,291.7864,10,59.4724,67,0
68.0,-118.7657,388.0598,0.4898,0.1000,2091,36.6370,291.9783,10,30.5545,67,0
68.0,-118.1371,303.5249,0.8980,0.1000,2091,36.6370,291.7162,10,0.4944,67,0
69.0,-119.3629,552.1815,0.1020,0.9000,2092,35.8930,315.2313,10,54.1348,68,0
69.0,-118.7657,389.5366,0.4898,0.9000,2092,35.8930,315.4435,10,25.5393,68,0
69.0,-118.1371,280.2201,0.8980,0.9000,2092,35.8930,315.1414,10,0.3454,68,0
69.0,-119.3629,517.6784,0.1020,0.5000,2092,36.2650,303.4346,10,68.0522,68,0
69.0,-118.7657,308.3600,0.4898,0.5000,2092,36.2650,303.6867,10,29.8048,68,0
69.0,-118.1371,330.6798,0.8980,0.5000,2092,36.2650,302.8508,10,0.7561,68,0
69.0,-119.3629,463.4518,0.1020,0.1000,2092,36.6370,291.1417,10,60.3294,68,0
69.0,-118.7657,383.6881,0.4898,0.1000,2092,36.6370,291.7824,10,30.8074,68,0
69.0,-118.1371,288.7528,0.8980,0.1000,2092,36.6370,291.7324,10,0.4956,68,0
70.0,-119.3629,515.1595,0.1020,0.9000,2093,35.8930,315.2862,10,54.8603,69,0
70.0,-118.7657,396.9616,0.4898,0.9000,2093,35.8930,314.9205,10,25.8795,69,0
70.0,-118.1371,217.3313,0.8980,0.9000,2093,35.8930,315.5862,10,0.3454,69,0
70.0,-119.3629,535.7416,0.1020,0.5000,2093,36.2650,303.8126,10,69.0269,69,0
70.0,-118.7657,380.6059,0.4898,0.5000,2093,36.2650,303.3859,10,30.0425,69,0
70.0,-118.1371,298.0386,0.8980,0.5000,2093,36.2650,303.5237,10,0.7582,69,0
70.0,-119.3629,481.8775,0.1020,0.1000,2093,36.6370,292.2601,10,61.2765,69,0
70.0,-118.7657,416.7808,0.4898,0.1000,2093,36.6370,291.4776,10,31.4713,69,0
70.0,-118.1371,280.1340,0.8980,0.1000,2093,36.6370,291.7173,10,0.4962,69,0
71.0,-119.3629,605.3932,0.1020,0.9000,2094,35.8930,315.2759,10,55.5995,70,0
71.0,-118.7657,462.3533,0.4898,0.9000,2094,35.8930,315.5546,10,26.5940,70,0
71.0,-118.1371,283.1129,0.8980,0.9000,2094,35.8930,314.8793,10,0.3461,70,0
71.0,-119.3629,537.5265,0.1020,0.5000,2094,36.2650,302.8864,10,69.9974,70,0
71.0,-118.7657,416.7961,0.4898,0.5000,2094,36.2650,303.2282,10,30.7779,70,0
71.0,-118.1371,380.6681,0.8980,0.5000,2094,36.2650,303.6998,10,0.9910,70,0
71.0,-119.3629,560.9275,0.1020,0.1000,2094,36.6370,291.0139,10,62.1782,70,0
71.0,-118.7657,440.4488,0.4898,0.1000,2094,36.6370,291.2538,10,32.2928,70,0
71.0,-118.1371,236.3594,0.8980,0.1000,2094,36.6370,291.5809,10,0.4963,70,0
72.0,-119.3629,530.5127,0.1020,0.9000,2095,35.8930,316.2833,10,56.3025,71,0
72.0,-118.7657,381.3968,0.4898,0.9000,2095,35.8930,315.5694,10,26.7766,71,0
72.0,-118.1371,402.3769,0.8980,0.9000,2095,35.8930,315.3521,10,0.7344,71,0
72.0,-119.3629,494.1905,0.1020,0.5000,2095,36.2650,303.7656,10,70.9807,71,0
72.0,-118.7657,372.0643,0.4898,0.5000,2095,36.2650,303.8354,10,30.9366,71,0
72.0,-118.1371,330.5010,0.8980,0.5000,2095,36.2650,303.2689,10,1.0062,71,0
72.0,-119.3629,561.4617,0.1020,0.1000,2095,36.6370,291.9509,10,63.0948,71,0
72.0,-118.7657,395.8350,0.4898,0.1000,2095,36.6370,292.7237,10,32.7011,71,0
72.0,-118.1371,257.5099,0.8980,0.1000,2095,36.6370,291.6404,10,0.4965,71,0
73.0,-119.3629,492.8627,0.1020,0.9000,2096,35.8930,316.1949,10,57.0186,72,0
73.0,-118.7657,427.3764,0.4898,0.9000,2096,35.8930,316.0950,10,27.3762,72,0
73.0,-118.1371,283.5301,0.8980,0.9000,2096,35.8930,316.2971,10,0.7351,72,0
73.0,-119.3629,446.4765,0.1020,0.5000,2096,36.2650,303.1063,10,71.9115,72,0
73.0,-118.7657,343.0203,0.4898,0.5000,2096,36.2650,303.9948,10,30.9674,72,0
73.0,-118.1371,265.8576,0.8980,0.5000,2096,36.2650,303.8723,10,1.0065,72,0
73.0,-119.3629,480.6666,0.1020,0.1000,2096,36.6370,291.3782,10,63.9929,72,0
73.0,-118.7657,390.4853,0.4898,0.1000,2096,36.6370,292.4463,10,33.0323,72,0
73.0,-118.1371,318.3284,0.8980,0.1000,2096,36.6370,291.9564,10,0.5033,72,0
74.0,-119.3629,520.0008,0.1020,0.9000,2097,35.8930,315.9366,10,57.7246,73,0
74.0,-118.7657,458.7724,0.4898,0.9000,2097,35.8930,314.9598,10,28.1224,73,0
74.0,-118.1371,301.2963,0.8980,0.9000,2097,35.8930,315.4842,10,0.7371,73,0
74.0,-119.3629,521.5622,0.1020,0.5000,2097,36.2650,304.1802,10,72.9015,73,0
74.0,-118.7657,416.0581,0.4898,0.5000,2097,36.2650,302.9088,10,31.6787,73,0
74.0,-118.1371,284.8166,0.8980,0.5000,2097,36.2650,303.8777,10,1.0075,73,0
74.0,-119.3629,499.4686,0.1020,0.1000,2097,36.6370,291.8396,10,64.8806,73,0
74.0,-118.7657,421.2700,0.4898,0.1000,2097,36.6370,291.6955,10,33.7659,73,0
74.0,-118.1371,338.1670,0.8980,0.1000,2097,36.6370,291.3403,10,0.5251,73,0
75.0,-119.3629,562.2028,0.1020,0.9000,2098,35.8930,315.4936,10,58.4511,74,0
75.0,-118.7657,403.1304,0.4898,0.9000,2098,35.8930,315.4585,10,28.5191,74,0
75.0,-118.1371,314.7874,0.8980,0.9000,2098,35.8930,316.3448,10,0.7413,74,0
75.0,-119.3629,475.0658,0.1020,0.5000,2098,36.2650,302.8682,10,73.9016,74,0
75.0,-118.7657,400.5956,0.4898,0.5000,2098,36.2650,303.0753,10,32.1817,74,0
75.0,-118.1371,337.0635,0.8980,0.5000,2098,36.2650,302.8766,10,1.0293,74,0
75.0,-119.3629,567.8532,0.1020,0.1000,2098,36.6370,291.5136,10,65.7890,74,0
75.0,-118.7657,397.9561,0.4898,0.1000,2098,36.6370,292.0445,10,34.1912,74,0
75.0,-118.1371,312.7708,0.8980,0.1000,2098,36.6370,291.9011,10,0.5300,74,0
76.0,-119.3629,552.5849,0.1020,0.9000,2099,35.8930,315.8060,10,59.1826,75,0
76.0,-118.7657,403.5501,0.4898,0.9000,2099,35.8930,315.9638,10,28.9140,75,0
76.0,-118.1371,245.5546,0.8980,0.9000,2099,35.8930,315.3758,10,0.7414,75,0
76.0,-119.3629,553.7453,0.1020,0.5000,2099,36.2650,303.7049,10,74.8707,75,0
76.0,-118.7657,439.8047,0.4898,0.5000,2099,36.2650,303.6350,10,33.0903,75,0
76.0,-118.1371,288.8925,0.8980,0.5000,2099,36.2650,303.9858,10,1.0306,75,0
76.0,-119.3629,567.7197,0.1020,0.1000,2099,36.6370,292.0652,10,66.7073,75,0
76.0,-118.7657,387.9277,0.4898,0.1000,2099,36.6370,292.6727,10,34.4968,75,0
76.0,-118.1371,217.2419,0.8980,0.1000,2099,36.6370,292.3720,10,0.5301,75,0
77.0,-119.3629,435.3584,0.1020,0.9000,2100,35.8930,316.5654,10,59.8098,76,0
77.0,-118.7657,412.6997,0.4898,0.9000,2100,35.8930,315.4493,10,29.4122,76,0
77.0,-118.1371,355.1915,0.8980,0.9000,2100,35.8930,315.0824,10,0.7889,76,0
77.0,-119.3629,467.6471,0.1020,0.5000,2100,36.2650,303.5651,10,75.8327,76,0
77.0,-118.7657,413.3734,0.4898,0.5000,2100,36.2650,303.3708,10,33.7748,76,0
77.0,-118.1371,294.4359,0.8980,0.5000,2100,36.2650,304.1195,10,1.0323,76,0
77.0,-119.3629,560.2481,0.1020,0.1000,2100,36.6370,291.8624,10,67.6217,76,0
77.0,-118.7657,408.8990,0.4898,0.1000,2100,36.6370,291.6497,10,35.0718,76,0
77.0,-118.1371,281.9775,0.8980,0.1000,2100,36.6370,291.8166,10,0.5309,76,0
78.0,-119.3629,559.4071,0.1020,0.9000,2101,35.8930,316.1253,10,60.5125,77,0
78.0,-118.7657,382.1792,0.4898,0.9000,2101,35.8930,315.7244,10,29.5958,77,0
78.0,-118.1371,242.4114,0.8980,0.9000,2101,35.8930,316.2129,10,0.7890,77,0
78.0,-119.3629,490.2077,0.1020,0.5000,2101,36.2650,303.3885,10,76.8240,77,0
78.0,-118.7657,377.8740,0.4898,0.5000,2101,36.2650,304.1491,10,33.9807,77,0
78.0,-118.1371,263.8712,0.8980,0.5000,2101,36.2650,303.5209,10,1.0326,77,0
78.0,-119.3629,516.6788,0.1020,0.1000,2101,36.6370,291.4385,10,68.5482,77,0
78.0,-118.7657,408.1650,0.4898,0.1000,2101,36.6370,292.1878,10,35.6312,77,0
78.0,-118.1371,258.9444,0.8980,0.1000,2101,36.6370,291.8267,10,0.5310,77,0
79.0,-119.3629,511.1588,0.1020,0.9000,2102,35.8930,315.6613,10,61.2510,78,0
79.0,-118.7657,457.8324,0.4898,0.9000,2102,35.8930,315.5269,10,30.3087,78,0
79.0,-118.1371,288.4533,0.8980,0.9000,2102,35.8930,315.8514,10,0.7899,78,0
79.0,-119.3629,552.4839,0.1020,0.5000,2102,36.2650,303.9607,10,77.8121,78,0
79.0,-118.7657,411.0572,0.4898,0.5000,2102,36.2650,304.5826,10,34.6245,78,0
79.0,-118.1371,332.1709,0.8980,0.5000,2102,36.2650,303.7514,10,1.0486,78,0
79.0,-119.3629,542.1574,0.1020,0.1000,2102,36.6370,291.7222,10,69.4919,78,0
79.0,-118.7657,338.5852,0.4898,0.1000,2102,36.6370,291.9021,10,35.6540,78,0
79.0,-118.1371,248.8931,0.8980,0.1000,2102,36.6370,292.3199,10,0.5312,78,0
80.0,-119.3629,548.3368,0.1020,0.9000,2103,35.8930,315.9384,10,61.9778,79,0
80.0,-118.7657,404.1025,0.4898,0.9000,2103,35.8930,316.0810,10,30.7042,79,0
80.0,-118.1371,307.6762,0.8980,0.9000,2103,35.8930,315.9135,10,0.7927,79,0
80.0,-119.3629,461.6620,0.1020,0.5000,2103,36.2650,303.2514,10,78.7747,79,0
80.0,-118.7657,367.5748,0.4898,0.5000,2103,36.2650,304.2039,10,34.7455,79,0
80.0,-118.1371,301.8512,0.8980,0.5000,2103,36.2650,303.5505,10,1.0513,79,0
80.0,-119.3629,579.0753,0.1020,0.1000,2103,36.6370,292.1428,10,70.4102,79,0
80.0,-118.7657,422.4539,0.4898,0.1000,2103,36.6370,292.1838,10,36.3771,79,0
80.0,-118.1371,248.2518,0.8980,0.1000,2103,36.6370,291.6454,10,0.5313,79,0
81.0,-119.3629,552.6709,0.1020,0.9000,2104,35.8930,316.0924,10,62.6719,80,0
81.0,-118.7657,446.2881,0.4898,0.9000,2104,35.8930,315.7048,10,31.3862,80,0
81.0,-118.1371,176.9598,0.8980,0.9000,2104,35.8930,315.9033,10,0.7927,80,0
81.0,-119.3629,577.7136,0.1020,0.5000,2104,36.2650,304.6236,10,79.7267,80,0
81.0,-118.7657,370.7826,0.4898,0.5000,2104,36.2650,303.9283,10,34.8899,80,0
81.0,-118.1371,233.7435,0.8980,0.5000,2104,36.2650,303.8463,10,1.0513,80,0
81.0,-119.3629,502.7624,0.1020,0.1000,2104,36.6370,291.7269,10,71.3238,80,0
81.0,-118.7657,332.4013,0.4898,0.1000,2104,36.6370,292.1287,10,36.3931,80,0
81.0,-118.1371,282.0095,0.8980,0.1000,2104,36.6370,292.3407,10,0.5320,80,0
82.0,-119.3629,555.9735,0.1020,0.9000,2105,35.8930,316.3522,10,63.3805,81,0
82.0,-118.7657,373.7569,0.4898,0.9000,2105,35.8930,315.9006,10,31.5095,81,0
82.0,-118.1371,182.6610,0.8980,0.9000,2105,35.8930,315.8676,10,0.7927,81,0
82.0,-119.3629,523.8032,0.1020,0.5000,2105,36.2650,304.1325,10,80.7242,81,0
82.0,-118.7657,441.6163,0.4898,0.5000,2105,36.2650,303.9265,10,35.7814,81,0
82.0,-118.1371,325.1916,0.8980,0.5000,2105,36.2650,303.9978,10,1.0620,81,0
82.0,-119.3629,542.1894,0.1020,0.1000,2105,36.6370,292.4005,10,72.2539,81,0
82.0,-118.7657,364.1956,0.4898,0.1000,2105,36.6370,292.0198,10,36.4878,81,0
82.0,-118.1371,279.7161,0.8980,0.1000,2105,36.6370,292.3425,10,0.5327,81,0
83.0,-119.3629,474.4534,0.1020,0.9000,2106,35.8930,315.9151,10,64.0948,82,0
83.0,-118.7657,414.4534,0.4898,0.9000,2106,35.8930,316.0851,10,31.9999,82,0
83.0,-118.1371,342.0619,0.8980,0.9000,2106,35.8930,315.9168,10,0.8141,82,0
83.0,-119.3629,485.1935,0.1020,0.5000,2106,36.2650,303.6525,10,81.7126,82,0
83.0,-118.7657,427.3062,0.4898,0.5000,2106,36.2650,304.2550,10,36.5972,82,0
83.0,-118.1371,222.0528,0.8980,0.5000,2106,36.2650,303.9321,10,1.0621,82,0
83.0,-119.3629,546.6924,0.1020,0.1000,2106,36.6370,292.1220,10,73.1862,82,0
83.0,-118.7657,392.0097,0.4898,0.1000,2106,36.6370,292.0918,10,36.8475,82,0
83.0,-118.1371,277.6607,0.8980,0.1000,2106,36.6370,291.7658,10,0.5333,82,0
84.0,-119.3629,548.8403,0.1020,0.9000,2107,35.8930,316.6640,10,64.7829,83,0
84.0,-118.7657,451.0855,0.4898,0.9000,2107,35.8930,316.0943,10,32.6862,83,0
84.0,-118.1371,335.0578,0.8980,0.9000,2107,35.8930,316.4791,10,0.8282,83,0
84.0,-119.3629,497.1954,0.1020,0.5000,2107,36.2650,303.7498,10,82.7091,83,0
84.0,-118.7657,382.7856,0.4898,0.5000,2107,36.2650,304.4787,10,36.8495,83,0
84.0,-118.1371,274.8385,0.8980,0.5000,2107,36.2650,304.3222,10,1.0626,83,0
84.0,-119.3629,578.3617,0.1020,0.1000,2107,36.6370,292.5064,10,74.1315,83,0
84.0,-118.7657,414.4628,0.4898,0.1000,2107,36.6370,292.5011,10,37.5044,83,0
84.0,-118.1371,264.4197,0.8980,0.1000,2107,36.6370,291.9993,10,0.5336,83,0
85.0,-119.3629,477.2602,0.1020,0.9000,2108,35.8930,316.6937,10,65.4686,84,0
85.0,-118.7657,408.6659,0.4898,0.9000,2108,35.8930,315.6249,10,33.1378,84,0
85.0,-118.1371,213.2163,0.8980,0.9000,2108,35.8930,315.8508,10,0.8282,84,0
85.0,-119.3629,549.0460,0.1020,0.5000,2108,36.2650,303.5673,10,83.7157,84,0
85.0,-118.7657,399.7987,0.4898,0.5000,2108,36.2650,304.2604,10,37.3269,84,0
85.0,-118.1371,268.8948,0.8980,0.5000,2108,36.2650,304.2027,10,1.0630,84,0
85.0,-119.3629,488.9400,0.1020,0.1000,2108,36.6370,291.2793,10,75.0462,84,0
85.0,-118.7657,380.7713,0.4898,0.1000,2108,36.6370,292.9385,10,37.7317,84,0
85.0,-118.1371,212.1479,0.8980,0.1000,2108,36.6370,292.3728,10,0.5336,84,0
86.0,-119.3629,527.3359,0.1020,0.9000,2109,35.8930,316.3153,10,66.1775,85,0
86.0,-118.7657,405.4628,0.4898,0.9000,2109,35.8930,315.8991,10,33.5684,85,0
86.0,-118.1371,261.7222,0.8980,0.9000,2109,35.8930,315.7985,10,0.8284,85,0
86.0,-119.3629,541.3931,0.1020,0.5000,2109,36.2650,304.5039,10,84.6872,85,0
86.0,-118.7657,465.4473,0.4898,0.5000,2109,36.2650,303.9388,10,38.3092,85,0
86.0,-118.1371,279.0342,0.8980,0.5000,2109,36.2650,304.6386,10,1.0636,85,0
86.0,-119.3629,492.7807,0.1020,0.1000,2109,36.6370,292.9802,10,75.9797,85,0
86.0,-118.7657,366.8027,0.4898,0.1000,2109,36.6370,292.2276,10,37.8432,85,0
86.0,-118.1371,301.4503,0.8980,0.1000,2109,36.6370,292.1405,10,0.5361,85,0
87.0,-119.3629,499.7482,0.1020,0.9000,2110,35.8930,315.7667,10,66.8742,86,0
87.0,-118.7657,466.1950,0.4898,0.9000,2110,35.8930,315.7936,10,34.2756,86,0
87.0,-118.1371,315.0024,0.8980,0.9000,2110,35.8930,317.2529,10,0.8324,86,0
87.0,-119.3629,569.8368,0.1020,0.5000,2110,36.2650,304.2673,10,85.6857,86,0
87.0,-118.7657,391.1118,0.4898,0.5000,2110,36.2650,304.1157,10,38.6658,86,0
87.0,-118.1371,319.6784,0.8980,0.5000,2110,36.2650,304.3913,10,1.0715,86,0
87.0,-119.3629,535.8508,0.1020,0.1000,2110,36.6370,291.7731,10,76.8910,86,0
87.0,-118.7657,327.6461,0.4898,0.1000,2110,36.6370,292.6421,10,37.8552,86,0
87.0,-118.1371,228.2015,0.8980,0.1000,2110,36.6370,292.4114,10,0.5362,86,0
88.0,-119.3629,480.9408,0.1020,0.9000,2111,35.8930,316.4617,10,67.5867,87,0
88.0,-118.7657,366.3725,0.4898,0.9000,2111,35.8930,316.8018,10,34.3560,87,0
88.0,-118.1371,279.9717,0.8980,0.9000,2111,35.8930,316.6108,10,0.8330,87,0
88.0,-119.3629,596.3340,0.1020,0.5000,2111,36.2650,305.1746,10,86.6593,87,0
88.0,-118.7657,393.0269,0.4898,0.5000,2111,36.2650,304.2636,10,39.0554,87,0
88.0,-118.1371,269.7798,0.8980,0.5000,2111,36.2650,304.7227,10,1.0719,87,0
88.0,-119.3629,506.3485,0.1020,0.1000,2111,36.6370,291.6418,10,77.7994,87,0
88.0,-118.7657,430.0290,0.4898,0.1000,2111,36.6370,292.2354,10,38.6727,87,0
88.0,-118.1371,243.7144,0.8980,0.1000,2111,36.6370,291.7075,10,0.5362,87,0
89.0,-119.3629,548.4718,0.1020,0.9000,2112,35.8930,316.3682,10,68.2769,88,0
89.0,-118.7657,442.6203,0.4898,0.9000,2112,35.8930,316.8286,10,35.0128,88,0
89.0,-118.1371,288.0429,0.8980,0.9000,2112,35.8930,316.2198,10,0.8338,88,0
89.0,-119.3629,527.0770,0.1020,0.5000,2112,36.2650,304.2348,10,87.6443,88,0
89.0,-118.7657,413.1306,0.4898,0.5000,2112,36.2650,304.2888,10,39.7435,88,0
89.0,-118.1371,289.3715,0.8980,0.5000,2112,36.2650,304.2647,10,1.0732,88,0
89.0,-119.3629,450.5802,0.1020,0.1000,2112,36.6370,292.8489,10,78.7070,88,0
89.0,-118.7657,480.7575,0.4898,0.1000,2112,36.6370,292.9813,10,39.6098,88,0
89.0,-118.1371,304.7883,0.8980,0.1000,2112,36.6370,291.2861,10,0.5392,88,0
90.0,-119.3629,558.8470,0.1020,0.9000,2113,35.8930,316.8850,10,68.9577,89,0
90.0,-118.7657,480.1448,0.4898,0.9000,2113,35.8930,315.9718,10,35.7336,89,0
90.0,-118.1371,308.6436,0.8980,0.9000,2113,35.8930,317.0711,10,0.8366,89,0
90.0,-119.3629,520.9311,0.1020,0.5000,2113,36.2650,303.5674,10,88.6361,89,0
90.0,-118.7657,411.9870,0.4898,0.5000,2113,36.2650,303.8788,10,40.4140,89,0
90.0,-118.1371,373.6692,0.8980,0.5000,2113,36.2650,304.3209,10,1.2411,89,0
90.0,-119.3629,560.2337,0.1020,0.1000,2113,36.6370,292.0659,10,79.6348,89,0
90.0,-118.7657,394.5341,0.4898,0.1000,2113,36.6370,292.6655,10,39.9957,89,0
90.0,-118.1371,272.2653,0.8980,0.1000,2113,36.6370,292.8466,10,0.5397,89,0
91.0,-119.3629,459.8589,0.1020,0.9000,2114,35.8930,316.3514,10,69.6779,90,0
91.0,-118.7657,442.1260,0.4898,0.9000,2114,35.8930,316.7306,10,36.3900,90,0
91.0,-118.1371,238.3775,0.8980,0.9000,2114,35.8930,315.8781,10,0.8366,90,0
91.0,-119.3629,495.9353,0.1020,0.5000,2114,36.2650,304.0865,10,89.6015,90,0
91.0,-118.7657,398.4383,0.4898,0.5000,2114,36.2650,304.7875,10,40.8903,90,0
91.0,-118.1371,308.2953,0.8980,0.5000,2114,36.2650,303.9363,10,1.2451,90,0
91.0,-119.3629,574.6614,0.1020,0.1000,2114,36.6370,292.9571,10,80.5765,90,0
91.0,-118.7657,355.2493,0.4898,0.1000,2114,36.6370,292.1061,10,40.0558,90,0
91.0,-118.1371,259.3826,0.8980,0.1000,2114,36.6370,293.1371,10,0.5399,90,0
92.0,-119.3629,421.4289,0.1020,0.9000,2115,35.8930,317.4329,10,70.2014,91,0
92.0,-118.7657,415.8457,0.4898,0.9000,2115,35.8930,315.7511,10,36.9245,91,0
92.0,-118.1371,239.2491,0.8980,0.9000,2115,35.8930,315.7919,10,0.8367,91,0
92.0,-119.3629,522.6723,0.1020,0.5000,2115,36.2650,305.4288,10,90.6016,91,0
92.0,-118.7657,398.9778,0.4898,0.5000,2115,36.2650,304.5723,10,41.3652,91,0
92.0,-118.1371,276.9624,0.8980,0.5000,2115,36.2650,304.8678,10,1.2457,91,0
92.0,-119.3629,569.7063,0.1020,0.1000,2115,36.6370,292.4105,10,81.5206,91,0
92.0,-118.7657,445.6511,0.4898,0.1000,2115,36.6370,292.4039,10,40.9456,91,0
92.0,-118.1371,281.4049,0.8980,0.1000,2115,36.6370,292.1859,10,0.5406,91,0
93.0,-119.3629,522.4031,0.1020,0.9000,2116,35.8930,317.0831,10,70.8771,92,0
93.0,-118.7657,475.5840,0.4898,0.9000,2116,35.8930,316.3931,10,37.6216,92,0
93.0,-118.1371,306.3801,0.8980,0.9000,2116,35.8930,315.8812,10,0.8392,92,0
93.0,-119.3629,555.8623,0.1020,0.5000,2116,36.2650,304.4702,10,91.5602,92,0
93.0,-118.7657,412.4786,0.4898,0.5000,2116,36.2650,304.1153,10,42.0371,92,0
93.0,-118.1371,245.7396,0.8980,0.5000,2116,36.2650,305.0595,10,1.2458,92,0
93.0,-119.3629,525.7907,0.1020,0.1000,2116,36.6370,292.6641,10,82.4602,92,0
93.0,-118.7657,406.5263,0.4898,0.1000,2116,36.6370,292.4669,10,41.5159,92,0
93.0,-118.1371,285.8580,0.8980,0.1000,2116,36.6370,292.5090,10,0.5416,92,0
94.0,-119.3629,559.5373,0.1020,0.9000,2117,35.8930,316.6409,10,71.5795,93,0
94.0,-118.7657,397.3533,0.4898,0.9000,2117,35.8930,316.6961,10,37.9473,93,0
94.0,-118.1371,347.4818,0.8980,0.9000,2117,35.8930,316.0668,10,0.8685,93,0
94.0,-119.3629,504.6321,0.1020,0.5000,2117,36.2650,304.0478,10,92.5284,93,0
94.0,-118.7657,388.2193,0.4898,0.5000,2117,36.2650,304.6521,10,42.3570,93,0
94.0,-118.1371,337.0691,0.8980,0.5000,2117,36.2650,304.1767,10,1.2673,93,0
94.0,-119.3629,516.5650,0.1020,0.1000,2117,36.6370,292.4697,10,83.4007,93,0
94.0,-118.7657,419.7317,0.4898,0.1000,2117,36.6370,292.8449,10,42.2267,93,0
94.0,-118.1371,201.9403,0.8980,0.1000,2117,36.6370,294.0665,10,0.5416,93,0
95.0,-119.3629,550.2533,0.1020,0.9000,2118,35.8930,317.0588,10,72.2470,94,0
95.0,-118.7657,358.9877,0.4898,0.9000,2118,35.8930,316.9965,10,38.0006,94,0
95.0,-118.1371,300.7924,0.8980,0.9000,2118,35.8930,315.6297,10,0.8704,94,0
95.0,-119.3629,535.7641,0.1020,0.5000,2118,36.2650,304.5290,10,93.5177,94,0
95.0,-118.7657,418.0038,0.4898,0.5000,2118,36.2650,304.7171,10,43.0698,94,0
95.0,-118.1371,288.3737,0.8980,0.5000,2118,36.2650,304.3944,10,1.2685,94,0
95.0,-119.3629,491.6562,0.1020,0.1000,2118,36.6370,292.6899,10,84.3427,94,0
95.0,-118.7657,402.8451,0.4898,0.1000,2118,36.6370,292.9542,10,42.7344,94,0
95.0,-118.1371,214.7687,0.8980,0.1000,2118,36.6370,292.1768,10,0.5416,94,0
96.0,-119.3629,489.8961,0.1020,0.9000,2119,35.8930,316.8068,10,72.9292,95,0
96.0,-118.7657,395.6438,0.4898,0.9000,2119,35.8930,316.6425,10,38.2913,95,0
96.0,-118.1371,288.9414,0.8980,0.9000,2119,35.8930,316.5882,10,0.8713,95,0
96.0,-119.3629,486.4004,0.1020,0.5000,2119,36.2650,304.5351,10,94.4835,95,0
96.0,-118.7657,392.9967,0.4898,0.5000,2119,36.2650,304.7657,10,43.4482,95,0
96.0,-118.1371,312.5184,0.8980,0.5000,2119,36.2650,304.5961,10,1.2734,95,0
96.0,-119.3629,490.1247,0.1020,0.1000,2119,36.6370,292.9615,10,85.3025,95,0
96.0,-118.7657,380.2552,0.4898,0.1000,2119,36.6370,291.7309,10,42.9493,95,0
96.0,-118.1371,228.0465,0.8980,0.1000,2119,36.6370,292.4260,10,0.5416,95,0
97.0,-119.3629,542.9216,0.1020,0.9000,2120,35.8930,316.7277,10,73.6102,96,0
97.0,-118.7657,392.8299,0.4898,0.9000,2120,35.8930,316.5004,10,38.5643,96,0
97.0,-118.1371,278.1736,0.8980,0.9000,2120,35.8930,316.4542,10,0.8718,96,0
97.0,-119.3629,599.2359,0.1020,0.5000,2120,36.2650,304.8664,10,95.4532,96,0
97.0,-118.7657,416.9174,0.4898,0.5000,2120,36.2650,304.2300,10,44.1510,96,0
97.0,-118.1371,280.1961,0.8980,0.5000,2120,36.2650,305.2146,10,1.2742,96,0
97.0,-119.3629,546.6776,0.1020,0.1000,2120,36.6370,293.4182,10,86.2361,96,0
97.0,-118.7657,362.0156,0.4898,0.1000,2120,36.6370,292.4525,10,43.0366,96,0
97.0,-118.1371,345.0656,0.8980,0.1000,2120,36.6370,292.6261,10,0.5757,96,0
98.0,-119.3629,510.1261,0.1020,0.9000,2121,35.8930,316.7081,10,74.3006,97,0
98.0,-118.7657,374.1373,0.4898,0.9000,2121,35.8930,316.9564,10,38.6808,97,0
98.0,-118.1371,326.4892,0.8980,0.9000,2121,35.8930,317.1470,10,0.8801,97,0
98.0,-119.3629,468.2427,0.1020,0.5000,2121,36.2650,304.9189,10,96.4111,97,0
98.0,-118.7657,415.6745,0.4898,0.5000,2121,36.2650,304.9310,10,44.8510,97,0
98.0,-118.1371,305.4113,0.8980,0.5000,2121,36.2650,304.6983,10,1.2775,97,0
98.0,-119.3629,541.1771,0.1020,0.1000,2121,36.6370,292.9415,10,87.1478,97,0
98.0,-118.7657,460.4534,0.4898,0.1000,2121,36.6370,292.9223,10,43.9514,97,0
98.0,-118.1371,251.6495,0.8980,0.1000,2121,36.6370,292.9716,10,0.5758,97,0
99.0,-119.3629,465.6335,0.1020,0.9000,2122,35.8930,316.4272,10,74.9828,98,0
99.0,-118.7657,386.1410,0.4898,0.9000,2122,35.8930,316.9711,10,38.8870,98,0
99.0,-118.1371,269.2618,0.8980,0.9000,2122,35.8930,316.9353,10,0.8804,98,0
99.0,-119.3629,538.1943,0.1020,0.5000,2122,36.2650,305.2637,10,97.3528,98,0
99.0,-118.7657,385.5172,0.4898,0.5000,2122,36.2650,304.9108,10,45.1366,98,0
99.0,-118.1371,265.4665,0.8980,0.5000,2122,36.2650,305.1542,10,1.2778,98,0
99.0,-119.3629,548.3296,0.1020,0.1000,2122,36.6370,292.8576,10,88.0909,98,0
99.0,-118.7657,420.0164,0.4898,0.1000,2122,36.6370,292.3637,10,44.6845,98,0
99.0,-118.1371,238.8406,0.8980,0.1000,2122,36.6370,292.8178,10,0.5758,98,0
100.0,-119.3629,554.9351,0.1020,0.9000,2123,35.8930,317.1218,10,75.6514,99,0
100.0,-118.7657,416.8508,0.4898,0.9000,2123,35.8930,317.0119,10,39.3783,99,0
100.0,-118.1371,286.4138,0.8980,0.9000,2123,35.8930,316.8586,10,0.8811,99,0
100.0,-119.3629,557.7291,0.1020,0.5000,2123,36.2650,304.6150,10,98.3092,99,0
100.0,-118.7657,414.1179,0.4898,0.5000,2123,36.2650,305.0661,10,45.8328,99,0
100.0,-118.1371,252.0422,0.8980,0.5000,2123,36.2650,305.3652,10,1.2779,99,0
100.0,-119.3629,538.0690,0.1020,0.1000,2123,36.6370,293.1383,10,89.0359,99,0
100.0,-118.7657,437.7534,0.4898,0.1000,2123,36.6370,292.4998,10,45.5408,99,0
100.0,-118.1371,254.1299,0.8980,0.1000,2123,36.6370,293.0247,10,0.5760,99,0
