model,target
sonnet,josh
sonnet,josh
sonnet,josh
sonnet,josh
sonnet,josh
sonnet,josh
sonnet,josh
sonnet,josh
sonnet,josh
sonnet,josh
sonnet,mesa
sonnet,mesa
sonnet,mesa
sonnet,mesa
sonnet,mesa
sonnet,mesa
sonnet,mesa
sonnet,mesa
sonnet,mesa
sonnet,mesa
sonnet,josh-mcp
sonnet,josh-mcp
sonnet,josh-mcp
sonnet,josh-mcp
sonnet,josh-mcp
sonnet,josh-mcp
sonnet,josh-mcp
sonnet,josh-mcp
sonnet,josh-mcp
sonnet,josh-mcp
kimi,josh
kimi,josh
kimi,josh
kimi,josh
kimi,josh
kimi,josh
kimi,josh
kimi,josh
kimi,josh
kimi,josh
kimi,mesa
kimi,mesa
kimi,mesa
kimi,mesa
kimi,mesa
kimi,mesa
kimi,mesa
kimi,mesa
kimi,mesa
kimi,mesa
kimi,josh-mcp
kimi,josh-mcp
kimi,josh-mcp
kimi,josh-mcp
kimi,josh-mcp
kimi,josh-mcp
kimi,josh-mcp
kimi,josh-mcp
kimi,josh-mcp
kimi,josh-mcp
qwen,josh
qwen,josh
qwen,josh
qwen,josh
qwen,josh
qwen,josh
qwen,josh
qwen,josh
qwen,josh
qwen,josh
qwen,mesa
qwen,mesa
qwen,mesa
qwen,mesa
qwen,mesa
qwen,mesa
qwen,mesa
qwen,mesa
qwen,mesa
qwen,mesa
qwen,josh-mcp
qwen,josh-mcp
qwen,josh-mcp
qwen,josh-mcp
qwen,josh-mcp
qwen,josh-mcp
qwen,josh-mcp
qwen,josh-mcp
qwen,josh-mcp
qwen,josh-mcp
deepseek,josh
deepseek,josh
deepseek,josh
deepseek,josh
deepseek,josh
deepseek,josh
deepseek,josh
deepseek,josh
deepseek,josh
deepseek,josh
deepseek,mesa
deepseek,mesa
deepseek,mesa
deepseek,mesa
deepseek,mesa
deepseek,mesa
deepseek,mesa
deepseek,mesa
deepseek,mesa
deepseek,mesa
deepseek,josh-mcp
deepseek,josh-mcp
deepseek,josh-mcp
deepseek,josh-mcp
deepseek,josh-mcp
deepseek,josh-mcp
deepseek,josh-mcp
deepseek,josh-mcp
deepseek,josh-mcp
deepseek,josh-mcp
glm,josh
glm,josh
glm,josh
glm,josh
glm,josh
glm,josh
glm,josh
glm,josh
glm,josh
glm,josh
glm,mesa
glm,mesa
glm,mesa
glm,mesa
glm,mesa
glm,mesa
glm,mesa
glm,mesa
glm,mesa
glm,mesa
glm,josh-mcp
glm,josh-mcp
glm,josh-mcp
glm,josh-mcp
glm,josh-mcp
glm,josh-mcp
glm,josh-mcp
glm,josh-mcp
glm,josh-mcp
glm,josh-mcp
minimax,josh
minimax,josh
minimax,josh
minimax,josh
minimax,josh
minimax,josh
minimax,josh
minimax,josh
minimax,josh
minimax,josh
minimax,mesa
minimax,mesa
minimax,mesa
minimax,mesa
minimax,mesa
minimax,mesa
minimax,mesa
minimax,mesa
minimax,mesa
minimax,mesa
minimax,josh-mcp
minimax,josh-mcp
minimax,josh-mcp
minimax,josh-mcp
minimax,josh-mcp
minimax,josh-mcp
minimax,josh-mcp
minimax,josh-mcp
minimax,josh-mcp
minimax,josh-mcp
gemma,josh
gemma,josh
gemma,josh
gemma,josh
gemma,josh
gemma,josh
gemma,josh
gemma,josh
gemma,josh
gemma,josh
gemma,mesa
gemma,mesa
gemma,mesa
gemma,mesa
gemma,mesa
gemma,mesa
gemma,mesa
gemma,mesa
gemma,mesa
gemma,mesa
gemma,josh-mcp
gemma,josh-mcp
gemma,josh-mcp
gemma,josh-mcp
gemma,josh-mcp
gemma,josh-mcp
gemma,josh-mcp
gemma,josh-mcp
gemma,josh-mcp
gemma,josh-mcp
mistral,josh
mistral,josh
mistral,josh
mistral,josh
mistral,josh
mistral,josh
mistral,josh
mistral,josh
mistral,josh
mistral,josh
mistral,mesa
mistral,mesa
mistral,mesa
mistral,mesa
mistral,mesa
mistral,mesa
mistral,mesa
mistral,mesa
mistral,mesa
mistral,mesa
mistral,josh-mcp
mistral,josh-mcp
mistral,josh-mcp
mistral,josh-mcp
mistral,josh-mcp
mistral,josh-mcp
mistral,josh-mcp
mistral,josh-mcp
mistral,josh-mcp
mistral,josh-mcp
nemotron,josh
nemotron,josh
nemotron,josh
nemotron,josh
nemotron,josh
nemotron,josh
nemotron,josh
nemotron,josh
nemotron,josh
nemotron,josh
nemotron,mesa
nemotron,mesa
nemotron,mesa
nemotron,mesa
nemotron,mesa
nemotron,mesa
nemotron,mesa
nemotron,mesa
nemotron,mesa
nemotron,mesa
nemotron,josh-mcp
nemotron,josh-mcp
nemotron,josh-mcp
nemotron,josh-mcp
nemotron,josh-mcp
nemotron,josh-mcp
nemotron,josh-mcp
nemotron,josh-mcp
nemotron,josh-mcp
nemotron,josh-mcp
